Tourney,Game,Name,Win
4th EA,4th EA Game 1,Pbhead,1
4th EA,4th EA Game 1,Tozar,0
4th EA,4th EA Game 1,RedSparrow,0
4th EA,4th EA Game 1,Steelstiletto,0
4th EA,4th EA Game 2,Pbhead,1
4th EA,4th EA Game 2,Tozar,0
4th EA,4th EA Game 2,RedSparrow,0
4th EA,4th EA Game 2,Steelstiletto,0
4th EA,4th EA Game 3,Gameslayer,1
4th EA,4th EA Game 3,Blues,0
4th EA,4th EA Game 3,DeathTacticus,0
4th EA,4th EA Game 3,Corewin,0
4th EA,4th EA Game 4,Blues,1
4th EA,4th EA Game 4,Gameslayer,0
4th EA,4th EA Game 4,DeathTacticus,0
4th EA,4th EA Game 4,Corewin,0
4th EA,4th EA Game 5,DeathTacticus,1
4th EA,4th EA Game 5,Gameslayer,0
4th EA,4th EA Game 5,Blues,0
4th EA,4th EA Game 5,Corewin,0
4th EA,4th EA Game 6,Blues,1
4th EA,4th EA Game 6,Gameslayer,0
4th EA,4th EA Game 6,DeathTacticus,0
4th EA,4th EA Game 6,Corewin,0
4th EA,4th EA Game 7,Cubit32,1
4th EA,4th EA Game 7,Galactic Wino,0
4th EA,4th EA Game 7,Saberman,0
4th EA,4th EA Game 7,nate_the_great,0
4th EA,4th EA Game 8,Cubit32,1
4th EA,4th EA Game 8,Galactic Wino,0
4th EA,4th EA Game 8,Saberman,0
4th EA,4th EA Game 8,nate_the_great,0
4th EA,4th EA Game 9,blackmagic,1
4th EA,4th EA Game 9,SorenJohnson,0
4th EA,4th EA Game 9,Hydroponos,0
4th EA,4th EA Game 9,Morgan,0
4th EA,4th EA Game 10,SorenJohnson,1
4th EA,4th EA Game 10,blackmagic,0
4th EA,4th EA Game 10,Hydroponos,0
4th EA,4th EA Game 10,Morgan,0
4th EA,4th EA Game 11,Hydroponos,1
4th EA,4th EA Game 11,blackmagic,0
4th EA,4th EA Game 11,SorenJohnson,0
4th EA,4th EA Game 11,Morgan,0
4th EA,4th EA Game 12,SorenJohnson,1
4th EA,4th EA Game 12,blackmagic,0
4th EA,4th EA Game 12,Hydroponos,0
4th EA,4th EA Game 12,Morgan,0
4th EA,4th EA Game 13,SorenJohnson,1
4th EA,4th EA Game 13,Pbhead,0
4th EA,4th EA Game 13,Blues,0
4th EA,4th EA Game 13,Cubit32,0
4th EA,4th EA Game 14,Cubit32,1
4th EA,4th EA Game 14,Pbhead,0
4th EA,4th EA Game 14,Blues,0
4th EA,4th EA Game 14,SorenJohnson,0
4th EA,4th EA Game 15,Blues,1
4th EA,4th EA Game 15,Pbhead,0
4th EA,4th EA Game 15,Cubit32,0
4th EA,4th EA Game 15,SorenJohnson,0
4th EA,4th EA Game 16,Pbhead,1
4th EA,4th EA Game 16,Blues,0
4th EA,4th EA Game 16,Cubit32,0
4th EA,4th EA Game 16,SorenJohnson,0
4th EA,4th EA Game 17,Pbhead,1
4th EA,4th EA Game 17,Blues,0
4th EA,4th EA Game 17,Cubit32,0
4th EA,4th EA Game 17,SorenJohnson,0
6th EA,6th EA Game 1,Blues,1
6th EA,6th EA Game 1,Pbhead,0
6th EA,6th EA Game 1,TheSpincycle,0
6th EA,6th EA Game 1,Place/Holder,0
6th EA,6th EA Game 2,Blues,1
6th EA,6th EA Game 2,Pbhead,0
6th EA,6th EA Game 2,TheSpincycle,0
6th EA,6th EA Game 2,Place/Holder,0
6th EA,6th EA Game 3,SorenJohnson,1
6th EA,6th EA Game 3,Veivi ,0
6th EA,6th EA Game 3,Ultrapope,0
6th EA,6th EA Game 3,BlackMagic,0
6th EA,6th EA Game 4,BlackMagic,1
6th EA,6th EA Game 4,SorenJohnson,0
6th EA,6th EA Game 4,Veivi ,0
6th EA,6th EA Game 4,Ultrapope,0
6th EA,6th EA Game 5,SorenJohnson,1
6th EA,6th EA Game 5,Veivi ,0
6th EA,6th EA Game 5,Ultrapope,0
6th EA,6th EA Game 5,BlackMagic,0
6th EA,6th EA Game 6,Cubit32,1
6th EA,6th EA Game 6,Showcasemike,0
6th EA,6th EA Game 6,Morgan,0
6th EA,6th EA Game 6,Place/Holder,0
6th EA,6th EA Game 7,Cubit32,1
6th EA,6th EA Game 7,Showcasemike,0
6th EA,6th EA Game 7,Morgan,0
6th EA,6th EA Game 7,pk.dude,0
6th EA,6th EA Game 8,DeathTacticus,1
6th EA,6th EA Game 8,Dermas,0
6th EA,6th EA Game 8,Gameslayer,0
6th EA,6th EA Game 8,Goodlife,0
6th EA,6th EA Game 9,Gameslayer,1
6th EA,6th EA Game 9,Dermas,0
6th EA,6th EA Game 9,DeathTacticus,0
6th EA,6th EA Game 9,donnie totoro,0
6th EA,6th EA Game 10,Gameslayer,1
6th EA,6th EA Game 10,Dermas,0
6th EA,6th EA Game 10,DeathTacticus,0
6th EA,6th EA Game 10,donnie totoro,0
6th EA,6th EA Game 11,Blues,1
6th EA,6th EA Game 11,SorenJohnson,0
6th EA,6th EA Game 11,Cubit32,0
6th EA,6th EA Game 11,Gameslayer,0
6th EA,6th EA Game 12,Cubit32,1
6th EA,6th EA Game 12,Blues,0
6th EA,6th EA Game 12,SorenJohnson,0
6th EA,6th EA Game 12,Gameslayer,0
6th EA,6th EA Game 13,Blues,1
6th EA,6th EA Game 13,SorenJohnson,0
6th EA,6th EA Game 13,Cubit32,0
6th EA,6th EA Game 13,Gameslayer,0
8th EA,8th EA Game 1,Duban,1
8th EA,8th EA Game 1,DeathTacticus,0
8th EA,8th EA Game 1,BlackMagic,0
8th EA,8th EA Game 1,Heisenberg,0
8th EA,8th EA Game 2,BlackMagic,1
8th EA,8th EA Game 2,DeathTacticus,0
8th EA,8th EA Game 2,Duban,0
8th EA,8th EA Game 2,Heisenberg,0
8th EA,8th EA Game 3,Heisenberg,1
8th EA,8th EA Game 3,DeathTacticus,0
8th EA,8th EA Game 3,Duban,0
8th EA,8th EA Game 3,BlackMagic,0
8th EA,8th EA Game 4,Heisenberg,1
8th EA,8th EA Game 4,DeathTacticus,0
8th EA,8th EA Game 4,Duban,0
8th EA,8th EA Game 4,BlackMagic,0
8th EA,8th EA Game 5,Pbhead,1
8th EA,8th EA Game 5,SorenJohnson,0
8th EA,8th EA Game 5,Cubit32,0
8th EA,8th EA Game 5,Hydroponos,0
8th EA,8th EA Game 6,Cubit32,1
8th EA,8th EA Game 6,SorenJohnson,0
8th EA,8th EA Game 6,Pbhead,0
8th EA,8th EA Game 6,Hydroponos,0
8th EA,8th EA Game 7,Cubit32,1
8th EA,8th EA Game 7,SorenJohnson,0
8th EA,8th EA Game 7,Pbhead,0
8th EA,8th EA Game 7,Hydroponos,0
8th EA,8th EA Game 8,Blues,1
8th EA,8th EA Game 8,Dawbz,0
8th EA,8th EA Game 8,Morgan,0
8th EA,8th EA Game 8,TheSpincycle,0
8th EA,8th EA Game 9,Blues,1
8th EA,8th EA Game 9,Dawbz,0
8th EA,8th EA Game 9,Morgan,0
8th EA,8th EA Game 9,TheSpincycle,0
8th EA,8th EA Game 10,Gameslayer,1
8th EA,8th EA Game 10,Dermas,0
8th EA,8th EA Game 10,YerAnd,0
8th EA,8th EA Game 10,Insync,0
8th EA,8th EA Game 11,Dermas,1
8th EA,8th EA Game 11,Gameslayer,0
8th EA,8th EA Game 11,YerAnd,0
8th EA,8th EA Game 11,Insync,0
8th EA,8th EA Game 12,Gameslayer,1
8th EA,8th EA Game 12,Dermas,0
8th EA,8th EA Game 12,YerAnd,0
8th EA,8th EA Game 12,Insync,0
8th EA,8th EA Game 13,Gameslayer,1
8th EA,8th EA Game 13,Heisenberg,0
8th EA,8th EA Game 13,Cubit32,0
8th EA,8th EA Game 13,Blues,0
8th EA,8th EA Game 14,Heisenberg,1
8th EA,8th EA Game 14,Cubit32,0
8th EA,8th EA Game 14,Blues,0
8th EA,8th EA Game 14,Gameslayer,0
8th EA,8th EA Game 15,Heisenberg,1
8th EA,8th EA Game 15,Cubit32,0
8th EA,8th EA Game 15,Blues,0
8th EA,8th EA Game 15,Gameslayer,0
May 16 FFA,May 16 Round 1A,Blues,1
May 16 FFA,May 16 Round 1A,SophV,0
May 16 FFA,May 16 Round 1A,hih0,0
May 16 FFA,May 16 Round 1A,PbHead,0
May 16 FFA,May 16 Round 1B,Gameslayer,1
May 16 FFA,May 16 Round 1B,Pollina,0
May 16 FFA,May 16 Round 1B,Popsursocks,0
May 16 FFA,May 16 Round 1B,Space Oddity,0
May 16 FFA,May 16 Round 2A,Blues,1
May 16 FFA,May 16 Round 2A,Gameslayer,0
May 16 FFA,May 16 Round 2A,Pollina,0
May 16 FFA,May 16 Round 2A,hih0,0
May 16 FFA,May 16 Round 2B,PbHead,1
May 16 FFA,May 16 Round 2B,Space Oddity,0
May 16 FFA,May 16 Round 2B,Popsursocks,0
May 16 FFA,May 16 Round 2B,SophV,0
May 16 FFA,May 16 Round 3A,Blues,1
May 16 FFA,May 16 Round 3A,PbHead,0
May 16 FFA,May 16 Round 3A,SophV,0
May 16 FFA,May 16 Round 3A,Pollina,0
May 16 FFA,May 16 Round 3B,Gameslayer,1
May 16 FFA,May 16 Round 3B,Popsursocks,0
May 16 FFA,May 16 Round 3B,Space Oddity,0
May 16 FFA,May 16 Round 3B,hih0,0
May 16 FFA,May 16 Round 4A,Blues,1
May 16 FFA,May 16 Round 4A,Gameslayer,0
May 16 FFA,May 16 Round 4A,Popsursocks,0
May 16 FFA,May 16 Round 4A,SophV,0
May 16 FFA,May 16 Round 4B,Pollina,1
May 16 FFA,May 16 Round 4B,Space Oddity,0
May 16 FFA,May 16 Round 4B,hih0,0
May 16 FFA,May 16 Round 4B,PbHead,0
May 16 FFA,May 16 Round 5A,Pollina,1
May 16 FFA,May 16 Round 5A,hih0,0
May 16 FFA,May 16 Round 5A,Blues,0
May 16 FFA,May 16 Round 5A,Gameslayer,0
May 16 FFA,May 16 Round 5B,SophV,1
May 16 FFA,May 16 Round 5B,PbHead,0
May 16 FFA,May 16 Round 5B,Space Oddity,0
May 16 FFA,May 16 Round 5B,Popsursocks,0
Morgan 16 FFA,Morgan FFA Round 1A,Yerand,1
Morgan 16 FFA,Morgan FFA Round 1A,Popsursocks,0
Morgan 16 FFA,Morgan FFA Round 1A,SophV,0
Morgan 16 FFA,Morgan FFA Round 1A,Polished Noxie,0
Morgan 16 FFA,Morgan FFA Round 1B,Pollina,1
Morgan 16 FFA,Morgan FFA Round 1B,Morgan,0
Morgan 16 FFA,Morgan FFA Round 1B,BlackMagic,0
Morgan 16 FFA,Morgan FFA Round 1B,Hydroponos,0
Morgan 16 FFA,Morgan FFA Round 2A,Hydroponos,1
Morgan 16 FFA,Morgan FFA Round 2A,Yerand,0
Morgan 16 FFA,Morgan FFA Round 2A,Pollina,0
Morgan 16 FFA,Morgan FFA Round 2A,BlackMagic,0
Morgan 16 FFA,Morgan FFA Round 2B,Popsursocks,1
Morgan 16 FFA,Morgan FFA Round 2B,Morgan,0
Morgan 16 FFA,Morgan FFA Round 2B,Polished Noxie,0
Morgan 16 FFA,Morgan FFA Round 2B,SophV,0
Morgan 16 FFA,Morgan FFA Round 3A,Pollina,1
Morgan 16 FFA,Morgan FFA Round 3A,Hydroponos,0
Morgan 16 FFA,Morgan FFA Round 3A,Popsursocks,0
Morgan 16 FFA,Morgan FFA Round 3A,Yerand,0
Morgan 16 FFA,Morgan FFA Round 3B,BlackMagic,1
Morgan 16 FFA,Morgan FFA Round 3B,Morgan,0
Morgan 16 FFA,Morgan FFA Round 3B,SophV,0
Morgan 16 FFA,Morgan FFA Round 3B,Polished Noxie,0
Morgan 16 FFA,Morgan FFA Round 4A,Popsursocks,1
Morgan 16 FFA,Morgan FFA Round 4A,Hydroponos,0
Morgan 16 FFA,Morgan FFA Round 4A,Yerand,0
Morgan 16 FFA,Morgan FFA Round 4A,Pollina,0
Morgan 16 FFA,Morgan FFA Round 4B,BlackMagic,1
Morgan 16 FFA,Morgan FFA Round 4B,Morgan,0
Morgan 16 FFA,Morgan FFA Round 4B,SophV,0
Morgan 16 FFA,Morgan FFA Round 4B,Polished Noxie,0
Old vs New 16,Old vs New Round 1A,SophV,1
Old vs New 16,Old vs New Round 1A,Morgan,0
Old vs New 16,Old vs New Round 1A,BlackMagic,0
Old vs New 16,Old vs New Round 1A,Prince Imrahil,0
Old vs New 16,Old vs New Round 1B,Popsursocks,1
Old vs New 16,Old vs New Round 1B,Gameslayer,0
Old vs New 16,Old vs New Round 1B,Space Oddity,0
Old vs New 16,Old vs New Round 1B,Dermas,0
Old vs New 16,Old vs New Round 1C,DeathTacticus,1
Old vs New 16,Old vs New Round 1C,Cubit32,0
Old vs New 16,Old vs New Round 1C,Pollina,0
Old vs New 16,Old vs New Round 1C,theSpinCycle,0
Old vs New 16,Old vs New Round 1D,Blues,1
Old vs New 16,Old vs New Round 1D,Yerand,0
Old vs New 16,Old vs New Round 1D,Heisenberg,0
Old vs New 16,Old vs New Round 1D,Karzac,0
Old vs New 16,Old vs New Round 2A,Heisenberg,1
Old vs New 16,Old vs New Round 2A,Gameslayer,0
Old vs New 16,Old vs New Round 2A,Blues,0
Old vs New 16,Old vs New Round 2A,theSpinCycle,0
Old vs New 16,Old vs New Round 2B,SophV,1
Old vs New 16,Old vs New Round 2B,Space Oddity,0
Old vs New 16,Old vs New Round 2B,Popsursocks,0
Old vs New 16,Old vs New Round 2B,Dermas,0
Old vs New 16,Old vs New Round 2C,DeathTacticus,1
Old vs New 16,Old vs New Round 2C,Yerand,0
Old vs New 16,Old vs New Round 2C,Cubit32,0
Old vs New 16,Old vs New Round 2C,BlackMagic,0
Old vs New 16,Old vs New Round 2D,Prince Imrahil,1
Old vs New 16,Old vs New Round 2D,Morgan,0
Old vs New 16,Old vs New Round 2D,Pollina,0
Old vs New 16,Old vs New Round 2D,Karzac,0
Old vs New 16,Old vs New Round 3A,Popsursocks,1
Old vs New 16,Old vs New Round 3A,Cubit32,0
Old vs New 16,Old vs New Round 3A,Space Oddity,0
Old vs New 16,Old vs New Round 3A,Dermas,0
Old vs New 16,Old vs New Round 3B,SophV,1
Old vs New 16,Old vs New Round 3B,Yerand,0
Old vs New 16,Old vs New Round 3B,DeathTacticus,0
Old vs New 16,Old vs New Round 3B,theSpinCycle,0
Old vs New 16,Old vs New Round 3C,Heisenberg,1
Old vs New 16,Old vs New Round 3C,Pollina,0
Old vs New 16,Old vs New Round 3C,Prince Imrahil,0
Old vs New 16,Old vs New Round 3C,Karzac,0
Old vs New 16,Old vs New Round 3D,Gameslayer,1
Old vs New 16,Old vs New Round 3D,Morgan,0
Old vs New 16,Old vs New Round 3D,Blues,0
Old vs New 16,Old vs New Round 3D,Blackmagic,0
Old vs New 16,Old vs New Round 4A,DeathTacticus,1
Old vs New 16,Old vs New Round 4A,Yerand,0
Old vs New 16,Old vs New Round 4A,Pollina,0
Old vs New 16,Old vs New Round 4A,Karzac,0
Old vs New 16,Old vs New Round 4B,theSpinCycle,1
Old vs New 16,Old vs New Round 4B,SophV,0
Old vs New 16,Old vs New Round 4B,Morgan,0
Old vs New 16,Old vs New Round 4B,Popsursocks,0
Old vs New 16,Old vs New Round 4C,Heisenberg,1
Old vs New 16,Old vs New Round 4C,Cubit32,0
Old vs New 16,Old vs New Round 4C,Blues,0
Old vs New 16,Old vs New Round 4C,Dermas,0
Old vs New 16,Old vs New Round 4D,Prince Imrahil,1
Old vs New 16,Old vs New Round 4D,Gameslayer,0
Old vs New 16,Old vs New Round 4D,Space Oddity,0
Old vs New 16,Old vs New Round 4D,BlackMagic,0
Old vs New 16,Old vs New Round 5A,DeathTacticus,1
Old vs New 16,Old vs New Round 5A,Heisenberg,0
Old vs New 16,Old vs New Round 5A,SophV,0
Old vs New 16,Old vs New Round 5A,Popsursocks,0
Old vs New 16,Old vs New Round 5B,Prince Imrahil,1
Old vs New 16,Old vs New Round 5B,Gameslayer,0
Old vs New 16,Old vs New Round 5B,Yerand,0
Old vs New 16,Old vs New Round 5B,theSpinCycle,0
Old vs New 16,Old vs New Round 5C,Morgan,1
Old vs New 16,Old vs New Round 5C,Space Oddity,0
Old vs New 16,Old vs New Round 5C,Blues,0
Old vs New 16,Old vs New Round 5C,Blackmagic,0
Old vs New 16,Old vs New Round 5D,Cubit32,1
Old vs New 16,Old vs New Round 5D,Pollina,0
Old vs New 16,Old vs New Round 5D,Karzac,0
Old vs New 16,Old vs New Round 5D,Dermas,0
July 16 Draft,July 16 Draft Round 1A,Esidebob,1
July 16 Draft,July 16 Draft Round 1A,FunnyMan,0
July 16 Draft,July 16 Draft Round 1A,Blues,0
July 16 Draft,July 16 Draft Round 1A,Polished Noxie,0
July 16 Draft,July 16 Draft Round 1B,YerAnd,1
July 16 Draft,July 16 Draft Round 1B,Gameslayer,0
July 16 Draft,July 16 Draft Round 1B,tiniuclx2,0
July 16 Draft,July 16 Draft Round 1B,Morgan,0
July 16 Draft,July 16 Draft Round 1C,Lyle,1
July 16 Draft,July 16 Draft Round 1C,Galois,0
July 16 Draft,July 16 Draft Round 1C,FoxBlazing,0
July 16 Draft,July 16 Draft Round 1C,Crabtree,0
July 16 Draft,July 16 Draft Round 1D,Pbhead,1
July 16 Draft,July 16 Draft Round 1D,Philothanic,0
July 16 Draft,July 16 Draft Round 1D,Pollina,0
July 16 Draft,July 16 Draft Round 1D,Rabbit007,0
July 16 Draft,July 16 Draft Round 1E,DeathTacticus,1
July 16 Draft,July 16 Draft Round 1E,Hydroponos,0
July 16 Draft,July 16 Draft Round 1E,Heisenberg,0
July 16 Draft,July 16 Draft Round 1E,SophV,0
July 16 Draft,July 16 Draft Round 2A,Blues,1
July 16 Draft,July 16 Draft Round 2A,Heisenberg,0
July 16 Draft,July 16 Draft Round 2A,DeathTacticus,0
July 16 Draft,July 16 Draft Round 2A,YerAnd,0
July 16 Draft,July 16 Draft Round 2B,Crabtree,1
July 16 Draft,July 16 Draft Round 2B,Pbhead,0
July 16 Draft,July 16 Draft Round 2B,Philothanic,0
July 16 Draft,July 16 Draft Round 2B,Esidebob,0
July 16 Draft,July 16 Draft Round 2C,Hydroponos,1
July 16 Draft,July 16 Draft Round 2C,Lyle,0
July 16 Draft,July 16 Draft Round 2C,Gameslayer,0
July 16 Draft,July 16 Draft Round 2C,Morgan,0
July 16 Draft,July 16 Draft Round 2D,Rabbit007,1
July 16 Draft,July 16 Draft Round 2D,Pollina,0
July 16 Draft,July 16 Draft Round 2D,FunnyMan,0
July 16 Draft,July 16 Draft Round 2D,tiniuclx2,0
July 16 Draft,July 16 Draft Round 2E,Polished Noxie,1
July 16 Draft,July 16 Draft Round 2E,Galois,0
July 16 Draft,July 16 Draft Round 2E,SophV,0
July 16 Draft,July 16 Draft Round 2E,FoxBlazing,0
July 16 Draft,July 16 Draft Round 3A,Polished Noxie,1
July 16 Draft,July 16 Draft Round 3A,DeathTacticus,0
July 16 Draft,July 16 Draft Round 3A,YerAnd,0
July 16 Draft,July 16 Draft Round 3A,Pbhead,0
July 16 Draft,July 16 Draft Round 3B,Blues,1
July 16 Draft,July 16 Draft Round 3B,Heisenberg,0
July 16 Draft,July 16 Draft Round 3B,Esidebob,0
July 16 Draft,July 16 Draft Round 3B,Lyle,0
July 16 Draft,July 16 Draft Round 3C,Pollina,1
July 16 Draft,July 16 Draft Round 3C,FunnyMan,0
July 16 Draft,July 16 Draft Round 3C,Crabtree,0
July 16 Draft,July 16 Draft Round 3C,Philothanic,0
July 16 Draft,July 16 Draft Round 3D,Rabbit007,1
July 16 Draft,July 16 Draft Round 3D,FoxBlazing,0
July 16 Draft,July 16 Draft Round 3D,Hydroponos,0
July 16 Draft,July 16 Draft Round 3D,Morgan,0
July 16 Draft,July 16 Draft Round 3E,SophV,1
July 16 Draft,July 16 Draft Round 3E,Galois,0
July 16 Draft,July 16 Draft Round 3E,Gameslayer,0
July 16 Draft,July 16 Draft Round 3E,tiniuclx2,0
July 16 Draft,July 16 Draft Round 4A,Rabbit007,1
July 16 Draft,July 16 Draft Round 4A,Pollina,0
July 16 Draft,July 16 Draft Round 4A,Pbhead,0
July 16 Draft,July 16 Draft Round 4A,Blues,0
July 16 Draft,July 16 Draft Round 4B,YerAnd,1
July 16 Draft,July 16 Draft Round 4B,Polished Noxie,0
July 16 Draft,July 16 Draft Round 4B,Esidebob,0
July 16 Draft,July 16 Draft Round 4B,Gameslayer,0
July 16 Draft,July 16 Draft Round 4C,DeathTacticus,1
July 16 Draft,July 16 Draft Round 4C,Crabtree,0
July 16 Draft,July 16 Draft Round 4C,Philothanic,0
July 16 Draft,July 16 Draft Round 4C,Lyle,0
July 16 Draft,July 16 Draft Round 4D,Heisenberg,1
July 16 Draft,July 16 Draft Round 4D,FunnyMan,0
July 16 Draft,July 16 Draft Round 4D,Hydroponos,0
July 16 Draft,July 16 Draft Round 4D,Galois,0
July 16 Draft,July 16 Draft Round 4E,tiniuclx2,1
July 16 Draft,July 16 Draft Round 4E,SophV,0
July 16 Draft,July 16 Draft Round 4E,FoxBlazing,0
July 16 Draft,July 16 Draft Round 4E,Morgan,0
July 16 Draft,July 16 Draft Round 5A,Polished Noxie,1
July 16 Draft,July 16 Draft Round 5A,Rabbit007,0
July 16 Draft,July 16 Draft Round 5A,Pbhead,0
July 16 Draft,July 16 Draft Round 5A,Blues,0
July 16 Draft,July 16 Draft Round 5B,DeathTacticus,1
July 16 Draft,July 16 Draft Round 5B,YerAnd,0
July 16 Draft,July 16 Draft Round 5B,Gameslayer,0
July 16 Draft,July 16 Draft Round 5B,Crabtree,0
July 16 Draft,July 16 Draft Round 5C,Pollina,1
July 16 Draft,July 16 Draft Round 5C,Heisenberg,0
July 16 Draft,July 16 Draft Round 5C,Lyle,0
July 16 Draft,July 16 Draft Round 5C,FunnyMan,0
July 16 Draft,July 16 Draft Round 5D,Ekkotey,1
July 16 Draft,July 16 Draft Round 5D,Hydroponos,0
July 16 Draft,July 16 Draft Round 5D,Morgan,0
July 16 Draft,July 16 Draft Round 5D,SophV,0
July 16 Draft,July 16 Draft Round 5E,Galois,1
July 16 Draft,July 16 Draft Round 5E,FoxBlazing,0
July 16 Draft,July 16 Draft Round 5E,tiniuclx2,0
July 16 Draft,July 16 Draft Round 5E,Philothanic,0
Four Gens 16,4 Generations Round 1A,Pollina,1
Four Gens 16,4 Generations Round 1A,Twodback,0
Four Gens 16,4 Generations Round 1A,Philothanic,0
Four Gens 16,4 Generations Round 1A,Jim-Bob,0
Four Gens 16,4 Generations Round 1B,Terror Incognita,1
Four Gens 16,4 Generations Round 1B,Gameslayer,0
Four Gens 16,4 Generations Round 1B,Hydroponos,0
Four Gens 16,4 Generations Round 1B,Mello,0
Four Gens 16,4 Generations Round 1C,Morgan,1
Four Gens 16,4 Generations Round 1C,Elmin,0
Four Gens 16,4 Generations Round 1C,Damitcarl,0
Four Gens 16,4 Generations Round 1C,Bot5,0
Four Gens 16,4 Generations Round 1D,Blues,1
Four Gens 16,4 Generations Round 1D,YerAnd,0
Four Gens 16,4 Generations Round 1D,peasant,0
Four Gens 16,4 Generations Round 1D,AndreasG,0
Four Gens 16,4 Generations Round 2A,Blues,1
Four Gens 16,4 Generations Round 2A,Twodback,0
Four Gens 16,4 Generations Round 2A,Terror Incognita,0
Four Gens 16,4 Generations Round 2A,Bot5,0
Four Gens 16,4 Generations Round 2B,Gameslayer,1
Four Gens 16,4 Generations Round 2B,Pollina,0
Four Gens 16,4 Generations Round 2B,Damitcarl,0
Four Gens 16,4 Generations Round 2B,AndreasG,0
Four Gens 16,4 Generations Round 2C,Morgan,1
Four Gens 16,4 Generations Round 2C,Hydroponos,0
Four Gens 16,4 Generations Round 2C,peasant,0
Four Gens 16,4 Generations Round 2C,Jim-Bob,0
Four Gens 16,4 Generations Round 2D,YerAnd,1
Four Gens 16,4 Generations Round 2D,Elmin,0
Four Gens 16,4 Generations Round 2D,Philothanic,0
Four Gens 16,4 Generations Round 2D,Mello,0
Four Gens 16,4 Generations Round 3A,Blues,1
Four Gens 16,4 Generations Round 3A,Twodback,0
Four Gens 16,4 Generations Round 3A,Philothanic,0
Four Gens 16,4 Generations Round 3A,AndreasG,0
Four Gens 16,4 Generations Round 3B,Gameslayer,1
Four Gens 16,4 Generations Round 3B,Pollina,0
Four Gens 16,4 Generations Round 3B,Terror Incognita,0
Four Gens 16,4 Generations Round 3B,Jim-Bob,0
Four Gens 16,4 Generations Round 3C,Hydroponos,1
Four Gens 16,4 Generations Round 3C,Morgan,0
Four Gens 16,4 Generations Round 3C,Damitcarl,0
Four Gens 16,4 Generations Round 3C,Mello,0
Four Gens 16,4 Generations Round 3D,YerAnd,1
Four Gens 16,4 Generations Round 3D,Elmin,0
Four Gens 16,4 Generations Round 3D,peasant,0
Four Gens 16,4 Generations Round 3D,Bot5,0
Four Gens 16,4 Generations Round 4A,Twodback,1
Four Gens 16,4 Generations Round 4A,Hydroponos,0
Four Gens 16,4 Generations Round 4A,peasant,0
Four Gens 16,4 Generations Round 4A,AndreasG,0
Four Gens 16,4 Generations Round 4B,Gameslayer,1
Four Gens 16,4 Generations Round 4B,Elmin,0
Four Gens 16,4 Generations Round 4B,Philothanic,0
Four Gens 16,4 Generations Round 4B,Jim-Bob,0
Four Gens 16,4 Generations Round 4C,Blues,1
Four Gens 16,4 Generations Round 4C,Morgan,0
Four Gens 16,4 Generations Round 4C,Terror Incognita,0
Four Gens 16,4 Generations Round 4C,Mello,0
Four Gens 16,4 Generations Round 4D,YerAnd,1
Four Gens 16,4 Generations Round 4D,Pollina,0
Four Gens 16,4 Generations Round 4D,Damitcarl,0
Four Gens 16,4 Generations Round 4D,Bot5,0
Four Gens 16,4 Generations Round 5A,Blues,1
Four Gens 16,4 Generations Round 5A,Gameslayer,0
Four Gens 16,4 Generations Round 5A,Terror Incognita,0
Four Gens 16,4 Generations Round 5A,Mello,0
Four Gens 16,4 Generations Round 5B,Pollina,1
Four Gens 16,4 Generations Round 5B,YerAnd,0
Four Gens 16,4 Generations Round 5B,Philothanic,0
Four Gens 16,4 Generations Round 5B,Jim-Bob,0
Four Gens 16,4 Generations Round 5C,Morgan,1
Four Gens 16,4 Generations Round 5C,Hydroponos,0
Four Gens 16,4 Generations Round 5C,Damitcarl,0
Four Gens 16,4 Generations Round 5C,Bot5,0
Four Gens 16,4 Generations Round 5D,Twodback,1
Four Gens 16,4 Generations Round 5D,Elmin,0
Four Gens 16,4 Generations Round 5D,peasant,0
Four Gens 16,4 Generations Round 5D,AndreasG,0
Fall 16,Autumn 16 Regulars Round 1A,YerAnd,1
Fall 16,Autumn 16 Regulars Round 1A,Gameslayer,0
Fall 16,Autumn 16 Regulars Round 1A,DeathTacticus,0
Fall 16,Autumn 16 Regulars Round 1A,Adorfield,0
Fall 16,Autumn 16 Regulars Round 1B,hexapus,1
Fall 16,Autumn 16 Regulars Round 1B,Pollina,0
Fall 16,Autumn 16 Regulars Round 1B,FoxBlazing,0
Fall 16,Autumn 16 Regulars Round 1B,Twodback,0
Fall 16,Autumn 16 Regulars Round 1C,Blackmagic,1
Fall 16,Autumn 16 Regulars Round 1C,Polished Noxie,0
Fall 16,Autumn 16 Regulars Round 1C,Dryad,0
Fall 16,Autumn 16 Regulars Round 1C,Philothanic,0
Fall 16,Autumn 16 Regulars Round 1D,Pbhead,1
Fall 16,Autumn 16 Regulars Round 1D,MutoKenji,0
Fall 16,Autumn 16 Regulars Round 1D,Jim-Bob,0
Fall 16,Autumn 16 Regulars Round 1D,Blues,0
Fall 16,Autumn 16 Regulars Round 2A,Pbhead,1
Fall 16,Autumn 16 Regulars Round 2A,FoxBlazing,0
Fall 16,Autumn 16 Regulars Round 2A,Jim-Bob,0
Fall 16,Autumn 16 Regulars Round 2A,Philothanic,0
Fall 16,Autumn 16 Regulars Round 2B,Blackmagic,1
Fall 16,Autumn 16 Regulars Round 2B,Pollina,0
Fall 16,Autumn 16 Regulars Round 2B,MutoKenji,0
Fall 16,Autumn 16 Regulars Round 2B,Adorfield,0
Fall 16,Autumn 16 Regulars Round 2C,hexapus,1
Fall 16,Autumn 16 Regulars Round 2C,YerAnd,0
Fall 16,Autumn 16 Regulars Round 2C,Dryad,0
Fall 16,Autumn 16 Regulars Round 2C,Blues,0
Fall 16,Autumn 16 Regulars Round 2D,DeathTacticus,1
Fall 16,Autumn 16 Regulars Round 2D,Polished Noxie,0
Fall 16,Autumn 16 Regulars Round 2D,Gameslayer,0
Fall 16,Autumn 16 Regulars Round 2D,Twodback,0
Fall 16,Autumn 16 Regulars Round 3A,Blues,1
Fall 16,Autumn 16 Regulars Round 3A,Pollina,0
Fall 16,Autumn 16 Regulars Round 3A,Gameslayer,0
Fall 16,Autumn 16 Regulars Round 3A,Jim-Bob,0
Fall 16,Autumn 16 Regulars Round 3B,Polished Noxie,1
Fall 16,Autumn 16 Regulars Round 3B,Zorbaz,0
Fall 16,Autumn 16 Regulars Round 3B,DeathTacticus,0
Fall 16,Autumn 16 Regulars Round 3B,Philothanic,0
Fall 16,Autumn 16 Regulars Round 3C,Blackmagic,1
Fall 16,Autumn 16 Regulars Round 3C,Pbhead,0
Fall 16,Autumn 16 Regulars Round 3C,Dryad,0
Fall 16,Autumn 16 Regulars Round 3C,Twodback,0
Fall 16,Autumn 16 Regulars Round 3D,FoxBlazing,1
Fall 16,Autumn 16 Regulars Round 3D,YerAnd,0
Fall 16,Autumn 16 Regulars Round 3D,AndreasG,0
Fall 16,Autumn 16 Regulars Round 3D,Adorfield,0
Fall 16,Autumn 16 Regulars Round 4A,YerAnd,1
Fall 16,Autumn 16 Regulars Round 4A,Pollina,0
Fall 16,Autumn 16 Regulars Round 4A,Polished Noxie,0
Fall 16,Autumn 16 Regulars Round 4A,Pbhead,0
Fall 16,Autumn 16 Regulars Round 4B,Gameslayer,1
Fall 16,Autumn 16 Regulars Round 4B,FoxBlazing,0
Fall 16,Autumn 16 Regulars Round 4B,Dryad,0
Fall 16,Autumn 16 Regulars Round 4B,Zorbaz,0
Fall 16,Autumn 16 Regulars Round 4C,Blackmagic,1
Fall 16,Autumn 16 Regulars Round 4C,DeathTacticus,0
Fall 16,Autumn 16 Regulars Round 4C,AndreasG,0
Fall 16,Autumn 16 Regulars Round 4C,Jim-Bob,0
Fall 16,Autumn 16 Regulars Round 4D,Philothanic,1
Fall 16,Autumn 16 Regulars Round 4D,Adorfield,0
Fall 16,Autumn 16 Regulars Round 4D,Twodback,0
Fall 16,Autumn 16 Regulars Round 4D,Blues,0
Fall 16,Autumn 16 Regulars Round 5A,Blackmagic,1
Fall 16,Autumn 16 Regulars Round 5A,AndreasG,0
Fall 16,Autumn 16 Regulars Round 5A,Pbhead,0
Fall 16,Autumn 16 Regulars Round 5A,YerAnd,0
Fall 16,Autumn 16 Regulars Round 5B,DeathTacticus,1
Fall 16,Autumn 16 Regulars Round 5B,Blues,0
Fall 16,Autumn 16 Regulars Round 5B,Polished Noxie,0
Fall 16,Autumn 16 Regulars Round 5B,Gameslayer,0
Fall 16,Autumn 16 Regulars Round 5C,Pollina,1
Fall 16,Autumn 16 Regulars Round 5C,Philothanic,0
Fall 16,Autumn 16 Regulars Round 5C,FoxBlazing,0
Fall 16,Autumn 16 Regulars Round 5C,Dryad,0
Fall 16,Autumn 16 Regulars Round 5D,Twodback,1
Fall 16,Autumn 16 Regulars Round 5D,Zorbaz,0
Fall 16,Autumn 16 Regulars Round 5D,Jim-Bob,0
Fall 16,Autumn 16 Regulars Round 5D,Adorfield,0
Winter 17 Ceres,Winter 17 Ceres Round 1A,twodback,1
Winter 17 Ceres,Winter 17 Ceres Round 1A,pollina,0
Winter 17 Ceres,Winter 17 Ceres Round 1A,Zorbaz,0
Winter 17 Ceres,Winter 17 Ceres Round 1A,adorfield,0
Winter 17 Ceres,Winter 17 Ceres Round 1B,blackmagic,1
Winter 17 Ceres,Winter 17 Ceres Round 1B,Rhahi,0
Winter 17 Ceres,Winter 17 Ceres Round 1B,peasant,0
Winter 17 Ceres,Winter 17 Ceres Round 1B,DeathTacticus,0
Winter 17 Ceres,Winter 17 Ceres Round 1C,Gameslayer,1
Winter 17 Ceres,Winter 17 Ceres Round 1C,veriestVarlet,0
Winter 17 Ceres,Winter 17 Ceres Round 1C,RainbowIdeology,0
Winter 17 Ceres,Winter 17 Ceres Round 1C,macros42,0
Winter 17 Ceres,Winter 17 Ceres Round 2A,DeathTacticus,1
Winter 17 Ceres,Winter 17 Ceres Round 2A,adorfield,0
Winter 17 Ceres,Winter 17 Ceres Round 2A,Rhahi,0
Winter 17 Ceres,Winter 17 Ceres Round 2A,RainbowIdeology,0
Winter 17 Ceres,Winter 17 Ceres Round 2B,twodback,1
Winter 17 Ceres,Winter 17 Ceres Round 2B,peasant,0
Winter 17 Ceres,Winter 17 Ceres Round 2B,veriestVarlet,0
Winter 17 Ceres,Winter 17 Ceres Round 2B,Gameslayer,0
Winter 17 Ceres,Winter 17 Ceres Round 2C,pollina,1
Winter 17 Ceres,Winter 17 Ceres Round 2C,Zorbaz,0
Winter 17 Ceres,Winter 17 Ceres Round 2C,blackmagic,0
Winter 17 Ceres,Winter 17 Ceres Round 2C,macros42,0
Winter 17 Ceres,Winter 17 Ceres Round 3A,macros42,1
Winter 17 Ceres,Winter 17 Ceres Round 3A,Zorbaz,0
Winter 17 Ceres,Winter 17 Ceres Round 3A,blackmagic,0
Winter 17 Ceres,Winter 17 Ceres Round 3A,veriestVarlet,0
Winter 17 Ceres,Winter 17 Ceres Round 3B,twodback,1
Winter 17 Ceres,Winter 17 Ceres Round 3B,pollina,0
Winter 17 Ceres,Winter 17 Ceres Round 3B,DeathTacticus,0
Winter 17 Ceres,Winter 17 Ceres Round 3B,Gameslayer,0
Winter 17 Ceres,Winter 17 Ceres Round 3C,Rhahi,1
Winter 17 Ceres,Winter 17 Ceres Round 3C,adorfield,0
Winter 17 Ceres,Winter 17 Ceres Round 3C,peasant,0
Winter 17 Ceres,Winter 17 Ceres Round 3C,RainbowIdeology,0
Winter 17 Ceres,Winter 17 Ceres Round 4A,pollina,1
Winter 17 Ceres,Winter 17 Ceres Round 4A,peasant,0
Winter 17 Ceres,Winter 17 Ceres Round 4A,Gameslayer,0
Winter 17 Ceres,Winter 17 Ceres Round 4A,blackmagic,0
Winter 17 Ceres,Winter 17 Ceres Round 4B,macros42,1
Winter 17 Ceres,Winter 17 Ceres Round 4B,RainbowIdeology,0
Winter 17 Ceres,Winter 17 Ceres Round 4B,adorfield,0
Winter 17 Ceres,Winter 17 Ceres Round 4B,Zorbaz,0
Winter 17 Ceres,Winter 17 Ceres Round 4C,DeathTacticus,1
Winter 17 Ceres,Winter 17 Ceres Round 4C,twodback,0
Winter 17 Ceres,Winter 17 Ceres Round 4C,Rhahi,0
Winter 17 Ceres,Winter 17 Ceres Round 4C,veriestVarlet,0
Winter 17 Ceres,Winter 17 Ceres Round 5A,pollina,1
Winter 17 Ceres,Winter 17 Ceres Round 5A,twodback,0
Winter 17 Ceres,Winter 17 Ceres Round 5A,DeathTacticus,0
Winter 17 Ceres,Winter 17 Ceres Round 5A,macros42,0
Winter 17 Ceres,Winter 17 Ceres Round 5B,RainbowIdeology,1
Winter 17 Ceres,Winter 17 Ceres Round 5B,Rhahi,0
Winter 17 Ceres,Winter 17 Ceres Round 5B,blackmagic,0
Winter 17 Ceres,Winter 17 Ceres Round 5B,Gameslayer,0
Winter 17 Ceres,Winter 17 Ceres Round 5C,adorfield,1
Winter 17 Ceres,Winter 17 Ceres Round 5C,Zorbaz,0
Winter 17 Ceres,Winter 17 Ceres Round 5C,peasant,0
Winter 17 Ceres,Winter 17 Ceres Round 5C,veriestVarlet,0
Winter 17 Draft,Winter 17 Draft Round 1A,DeathTacticus,1
Winter 17 Draft,Winter 17 Draft Round 1A,Blues,0
Winter 17 Draft,Winter 17 Draft Round 1A,Blackmagic,0
Winter 17 Draft,Winter 17 Draft Round 1A,YerAnd,0
Winter 17 Draft,Winter 17 Draft Round 1B,Bobrooni,1
Winter 17 Draft,Winter 17 Draft Round 1B,Vaempyress,0
Winter 17 Draft,Winter 17 Draft Round 1B,Rhahi,0
Winter 17 Draft,Winter 17 Draft Round 1B,pbhead,0
Winter 17 Draft,Winter 17 Draft Round 1C,macros42,1
Winter 17 Draft,Winter 17 Draft Round 1C,hexapus,0
Winter 17 Draft,Winter 17 Draft Round 1C,twodback,0
Winter 17 Draft,Winter 17 Draft Round 1C,BogusRogus,0
Winter 17 Draft,Winter 17 Draft Round 1D,SophV,1
Winter 17 Draft,Winter 17 Draft Round 1D,Philothanic,0
Winter 17 Draft,Winter 17 Draft Round 1D,FoxBlazing,0
Winter 17 Draft,Winter 17 Draft Round 1D,Pollina,0
Winter 17 Draft,Winter 17 Draft Round 1E,Gameslayer,1
Winter 17 Draft,Winter 17 Draft Round 1E,peasant,0
Winter 17 Draft,Winter 17 Draft Round 1E,Morgan,0
Winter 17 Draft,Winter 17 Draft Round 1E,adorfield,0
Winter 17 Draft,Winter 17 Draft Round 1F,Polished Noxie,1
Winter 17 Draft,Winter 17 Draft Round 1F,Dryad,0
Winter 17 Draft,Winter 17 Draft Round 1F,AndreasG,0
Winter 17 Draft,Winter 17 Draft Round 1F,Trattpingvin,0
Winter 17 Draft,Winter 17 Draft Round 2A,FoxBlazing,1
Winter 17 Draft,Winter 17 Draft Round 2A,Dryad,0
Winter 17 Draft,Winter 17 Draft Round 2A,peasant,0
Winter 17 Draft,Winter 17 Draft Round 2A,Bobrooni,0
Winter 17 Draft,Winter 17 Draft Round 2B,Morgan,1
Winter 17 Draft,Winter 17 Draft Round 2B,Blues,0
Winter 17 Draft,Winter 17 Draft Round 2B,Polished Noxie,0
Winter 17 Draft,Winter 17 Draft Round 2B,macros42,0
Winter 17 Draft,Winter 17 Draft Round 2C,DeathTacticus,1
Winter 17 Draft,Winter 17 Draft Round 2C,Vaempyress,0
Winter 17 Draft,Winter 17 Draft Round 2C,AndreasG,0
Winter 17 Draft,Winter 17 Draft Round 2C,Pollina,0
Winter 17 Draft,Winter 17 Draft Round 2D,Blackmagic,1
Winter 17 Draft,Winter 17 Draft Round 2D,hexapus,0
Winter 17 Draft,Winter 17 Draft Round 2D,Rhahi,0
Winter 17 Draft,Winter 17 Draft Round 2D,adorfield,0
Winter 17 Draft,Winter 17 Draft Round 2E,Trattpingvin,1
Winter 17 Draft,Winter 17 Draft Round 2E,Philothanic,0
Winter 17 Draft,Winter 17 Draft Round 2E,twodback,0
Winter 17 Draft,Winter 17 Draft Round 2E,pbhead,0
Winter 17 Draft,Winter 17 Draft Round 2F,YerAnd,1
Winter 17 Draft,Winter 17 Draft Round 2F,Gameslayer,0
Winter 17 Draft,Winter 17 Draft Round 2F,SophV,0
Winter 17 Draft,Winter 17 Draft Round 2F,BogusRogus,0
Winter 17 Draft,Winter 17 Draft Round 3A,Blues,1
Winter 17 Draft,Winter 17 Draft Round 3A,SophV,0
Winter 17 Draft,Winter 17 Draft Round 3A,pbhead,0
Winter 17 Draft,Winter 17 Draft Round 3A,adorfield,0
Winter 17 Draft,Winter 17 Draft Round 3B,Trattpingvin,1
Winter 17 Draft,Winter 17 Draft Round 3B,Vaempyress,0
Winter 17 Draft,Winter 17 Draft Round 3B,peasant,0
Winter 17 Draft,Winter 17 Draft Round 3B,BogusRogus,0
Winter 17 Draft,Winter 17 Draft Round 3C,YerAnd,1
Winter 17 Draft,Winter 17 Draft Round 3C,hexapus,0
Winter 17 Draft,Winter 17 Draft Round 3C,Polished Noxie,0
Winter 17 Draft,Winter 17 Draft Round 3C,FoxBlazing,0
Winter 17 Draft,Winter 17 Draft Round 3D,DeathTacticus,1
Winter 17 Draft,Winter 17 Draft Round 3D,Philothanic,0
Winter 17 Draft,Winter 17 Draft Round 3D,Morgan,0
Winter 17 Draft,Winter 17 Draft Round 3D,Bobrooni,0
Winter 17 Draft,Winter 17 Draft Round 3E,macros42,1
Winter 17 Draft,Winter 17 Draft Round 3E,Gameslayer,0
Winter 17 Draft,Winter 17 Draft Round 3E,Rhahi,0
Winter 17 Draft,Winter 17 Draft Round 3E,AndreasG,0
Winter 17 Draft,Winter 17 Draft Round 3F,Pollina,1
Winter 17 Draft,Winter 17 Draft Round 3F,Dryad,0
Winter 17 Draft,Winter 17 Draft Round 3F,twodback,0
Winter 17 Draft,Winter 17 Draft Round 3F,Blackmagic,0
Winter 17 Draft,Winter 17 Draft Round 4A,Philothanic,1
Winter 17 Draft,Winter 17 Draft Round 4A,peasant,0
Winter 17 Draft,Winter 17 Draft Round 4A,Blackmagic,0
Winter 17 Draft,Winter 17 Draft Round 4A,macros42,0
Winter 17 Draft,Winter 17 Draft Round 4B,pbhead,1
Winter 17 Draft,Winter 17 Draft Round 4B,Gameslayer,0
Winter 17 Draft,Winter 17 Draft Round 4B,Polished Noxie,0
Winter 17 Draft,Winter 17 Draft Round 4B,Pollina,0
Winter 17 Draft,Winter 17 Draft Round 4C,DeathTacticus,1
Winter 17 Draft,Winter 17 Draft Round 4C,Dryad,0
Winter 17 Draft,Winter 17 Draft Round 4C,BogusRogus,0
Winter 17 Draft,Winter 17 Draft Round 4C,adorfield,0
Winter 17 Draft,Winter 17 Draft Round 4D,Blues,1
Winter 17 Draft,Winter 17 Draft Round 4D,Rhahi,0
Winter 17 Draft,Winter 17 Draft Round 4D,FoxBlazing,0
Winter 17 Draft,Winter 17 Draft Round 4D,Trattpingvin,0
Winter 17 Draft,Winter 17 Draft Round 4E,YerAnd,1
Winter 17 Draft,Winter 17 Draft Round 4E,Vaempyress,0
Winter 17 Draft,Winter 17 Draft Round 4E,twodback,0
Winter 17 Draft,Winter 17 Draft Round 4E,Morgan,0
Winter 17 Draft,Winter 17 Draft Round 4F,SophV,1
Winter 17 Draft,Winter 17 Draft Round 4F,hexapus,0
Winter 17 Draft,Winter 17 Draft Round 4F,AndreasG,0
Winter 17 Draft,Winter 17 Draft Round 4F,Bobrooni,0
Winter 17 Draft,Winter 17 Draft Round 5A,DeathTacticus,1
Winter 17 Draft,Winter 17 Draft Round 5A,Blues,0
Winter 17 Draft,Winter 17 Draft Round 5A,pbhead,0
Winter 17 Draft,Winter 17 Draft Round 5A,YerAnd,0
Winter 17 Draft,Winter 17 Draft Round 5B,Morgan,1
Winter 17 Draft,Winter 17 Draft Round 5B,Gameslayer,0
Winter 17 Draft,Winter 17 Draft Round 5B,SophV,0
Winter 17 Draft,Winter 17 Draft Round 5B,macros42,0
Winter 17 Draft,Winter 17 Draft Round 5C,Trattpingvin,1
Winter 17 Draft,Winter 17 Draft Round 5C,Philothanic,0
Winter 17 Draft,Winter 17 Draft Round 5C,Polished Noxie,0
Winter 17 Draft,Winter 17 Draft Round 5C,Blackmagic,0
Winter 17 Draft,Winter 17 Draft Round 5D,hexapus,1
Winter 17 Draft,Winter 17 Draft Round 5D,Rhahi,0
Winter 17 Draft,Winter 17 Draft Round 5D,FoxBlazing,0
Winter 17 Draft,Winter 17 Draft Round 5D,Pollina,0
Winter 17 Draft,Winter 17 Draft Round 5E,Bobrooni,1
Winter 17 Draft,Winter 17 Draft Round 5E,Vaempyress,0
Winter 17 Draft,Winter 17 Draft Round 5E,twodback,0
Winter 17 Draft,Winter 17 Draft Round 5E,AndreasG,0
Winter 17 Draft,Winter 17 Draft Round 5F,Dryad,1
Winter 17 Draft,Winter 17 Draft Round 5F,peasant,0
Winter 17 Draft,Winter 17 Draft Round 5F,BogusRogus,0
Winter 17 Draft,Winter 17 Draft Round 5F,adorfield,0
Winter 17 Elimination,Winter 17 Elimination A1,Polished Noxie,1
Winter 17 Elimination,Winter 17 Elimination A1,Morgan,0
Winter 17 Elimination,Winter 17 Elimination A1,Jim-Bob,0
Winter 17 Elimination,Winter 17 Elimination A1,Vaempyress,0
Winter 17 Elimination,Winter 17 Elimination A2,Polished Noxie,1
Winter 17 Elimination,Winter 17 Elimination A2,Morgan,0
Winter 17 Elimination,Winter 17 Elimination A2,Jim-Bob,0
Winter 17 Elimination,Winter 17 Elimination A2,Vaempyress,0
Winter 17 Elimination,Winter 17 Elimination B1,trattpingvin,1
Winter 17 Elimination,Winter 17 Elimination B1,Twodback,0
Winter 17 Elimination,Winter 17 Elimination B1,ichbineinkonto,0
Winter 17 Elimination,Winter 17 Elimination B1,Mr. X,0
Winter 17 Elimination,Winter 17 Elimination B2,trattpingvin,1
Winter 17 Elimination,Winter 17 Elimination B2,Twodback,0
Winter 17 Elimination,Winter 17 Elimination B2,ichbineinkonto,0
Winter 17 Elimination,Winter 17 Elimination B2,Mr. X,0
Winter 17 Elimination,Winter 17 Elimination C1,megawarrior,1
Winter 17 Elimination,Winter 17 Elimination C1,hexapus,0
Winter 17 Elimination,Winter 17 Elimination C1,Pavlos,0
Winter 17 Elimination,Winter 17 Elimination C1,peasant,0
Winter 17 Elimination,Winter 17 Elimination C2,megawarrior,1
Winter 17 Elimination,Winter 17 Elimination C2,hexapus,0
Winter 17 Elimination,Winter 17 Elimination C2,Pavlos,0
Winter 17 Elimination,Winter 17 Elimination C2,peasant,0
Winter 17 Elimination,Winter 17 Elimination D1,DeathTacticus,1
Winter 17 Elimination,Winter 17 Elimination D1,philothanic,0
Winter 17 Elimination,Winter 17 Elimination D1,AndreasG,0
Winter 17 Elimination,Winter 17 Elimination D1,tesseract,0
Winter 17 Elimination,Winter 17 Elimination D2,DeathTacticus,1
Winter 17 Elimination,Winter 17 Elimination D2,philothanic,0
Winter 17 Elimination,Winter 17 Elimination D2,AndreasG,0
Winter 17 Elimination,Winter 17 Elimination D2,tesseract,0
Winter 17 Elimination,Winter 17 Elimination E1,DeathTacticus,1
Winter 17 Elimination,Winter 17 Elimination E1,Polished Noxie,0
Winter 17 Elimination,Winter 17 Elimination E1,trattpingvin,0
Winter 17 Elimination,Winter 17 Elimination E1,megawarrior,0
Winter 17 Elimination,Winter 17 Elimination E2,trattpingvin,1
Winter 17 Elimination,Winter 17 Elimination E2,Polished Noxie,0
Winter 17 Elimination,Winter 17 Elimination E2,megawarrior,0
Winter 17 Elimination,Winter 17 Elimination E2,DeathTacticus,0
Winter 17 Elimination,Winter 17 Elimination E3,DeathTacticus,1
Winter 17 Elimination,Winter 17 Elimination E3,Polished Noxie,0
Winter 17 Elimination,Winter 17 Elimination E3,trattpingvin,0
Winter 17 Elimination,Winter 17 Elimination E3,megawarrior,0
Io Beta,Io Beta Round 1A,Trattpingvin,1
Io Beta,Io Beta Round 1A,twodback,0
Io Beta,Io Beta Round 1A,Clasi,0
Io Beta,Io Beta Round 1A,Dawbz,0
Io Beta,Io Beta Round 1B,Pollina,1
Io Beta,Io Beta Round 1B,AndreasG,0
Io Beta,Io Beta Round 1B,Zorbaz,0
Io Beta,Io Beta Round 1B,hexapus,0
Io Beta,Io Beta Round 1C,Blues,1
Io Beta,Io Beta Round 1C,Relic,0
Io Beta,Io Beta Round 1C,ncgamewizard,0
Io Beta,Io Beta Round 1C,Morgan,0
Io Beta,Io Beta Round 2A,Trattpingvin,1
Io Beta,Io Beta Round 2A,AndreasG,0
Io Beta,Io Beta Round 2A,ncgamewizard,0
Io Beta,Io Beta Round 2A,hexapus,0
Io Beta,Io Beta Round 2B,Clasi,1
Io Beta,Io Beta Round 2B,Pollina,0
Io Beta,Io Beta Round 2B,Relic,0
Io Beta,Io Beta Round 2B,Morgan,0
Io Beta,Io Beta Round 2C,Blues,1
Io Beta,Io Beta Round 2C,twodback,0
Io Beta,Io Beta Round 2C,Zorbaz,0
Io Beta,Io Beta Round 2C,Dawbz,0
Io Beta,Io Beta Round 3A,Blues,1
Io Beta,Io Beta Round 3A,AndreasG,0
Io Beta,Io Beta Round 3A,Zorbaz,0
Io Beta,Io Beta Round 3A,Morgan,0
Io Beta,Io Beta Round 3B,Trattpingvin,1
Io Beta,Io Beta Round 3B,Relic,0
Io Beta,Io Beta Round 3B,ncgamewizard,0
Io Beta,Io Beta Round 3B,Dawbz,0
Io Beta,Io Beta Round 3C,hexapus,1
Io Beta,Io Beta Round 3C,Pollina,0
Io Beta,Io Beta Round 3C,twodback,0
Io Beta,Io Beta Round 3C,Clasi,0
Io Beta,Io Beta Round 4A,Dawbz,1
Io Beta,Io Beta Round 4A,Pollina,0
Io Beta,Io Beta Round 4A,Relic,0
Io Beta,Io Beta Round 4A,Zorbaz,0
Io Beta,Io Beta Round 4B,Blues,1
Io Beta,Io Beta Round 4B,twodback,0
Io Beta,Io Beta Round 4B,ncgamewizard,0
Io Beta,Io Beta Round 4B,hexapus,0
Io Beta,Io Beta Round 4C,Clasi,1
Io Beta,Io Beta Round 4C,Trattpingvin,0
Io Beta,Io Beta Round 4C,AndreasG,0
Io Beta,Io Beta Round 4C,Morgan,0
Io Beta,Io Beta Round 5A,hexapus,1
Io Beta,Io Beta Round 5A,Blues,0
Io Beta,Io Beta Round 5A,Trattpingvin,0
Io Beta,Io Beta Round 5A,Clasi,0
Io Beta,Io Beta Round 5B,twodback,1
Io Beta,Io Beta Round 5B,Dawbz,0
Io Beta,Io Beta Round 5B,Pollina,0
Io Beta,Io Beta Round 5B,AndreasG,0
Io Beta,Io Beta Round 5C,Relic,1
Io Beta,Io Beta Round 5C,Zorbaz,0
Io Beta,Io Beta Round 5C,ncgamewizard,0
Io Beta,Io Beta Round 5C,Morgan,0
Asteroid Belt 17,Asteroid Belt Bonus 1,AndreasG,1
Asteroid Belt 17,Asteroid Belt Bonus 1,tiniuclx2,0
Asteroid Belt 17,Asteroid Belt Bonus 1,poor_sheep,0
Asteroid Belt 17,Asteroid Belt Bonus 1,Pavlos,0
Asteroid Belt 17,Asteroid Belt 1A1,MrCubez,1
Asteroid Belt 17,Asteroid Belt 1A1,Hexapus,0
Asteroid Belt 17,Asteroid Belt 1A1,Duban,0
Asteroid Belt 17,Asteroid Belt 1A1,Adorfield,0
Asteroid Belt 17,Asteroid Belt 1B1,TrattpingviN,1
Asteroid Belt 17,Asteroid Belt 1B1,clasi,0
Asteroid Belt 17,Asteroid Belt 1B1,twodback,0
Asteroid Belt 17,Asteroid Belt 1B1,DeathTacticus,0
Asteroid Belt 17,Asteroid Belt 1C1,Rhahi,1
Asteroid Belt 17,Asteroid Belt 1C1,Relic,0
Asteroid Belt 17,Asteroid Belt 1C1,Pbhead,0
Asteroid Belt 17,Asteroid Belt 1C1,Pavlos,0
Asteroid Belt 17,Asteroid Belt 1D1,Blues,1
Asteroid Belt 17,Asteroid Belt 1D1,El Capitan,0
Asteroid Belt 17,Asteroid Belt 1D1,Tesseract,0
Asteroid Belt 17,Asteroid Belt 1D1,Pollina,0
Asteroid Belt 17,Asteroid Belt 1A2,DeathTacticus,1
Asteroid Belt 17,Asteroid Belt 1A2,Hexapus,0
Asteroid Belt 17,Asteroid Belt 1A2,Duban,0
Asteroid Belt 17,Asteroid Belt 1A2,Adorfield,0
Asteroid Belt 17,Asteroid Belt 1B2,Pollina,1
Asteroid Belt 17,Asteroid Belt 1B2,SophV,0
Asteroid Belt 17,Asteroid Belt 1B2,Hermundure,0
Asteroid Belt 17,Asteroid Belt 1B2,twodback,0
Asteroid Belt 17,Asteroid Belt 1C2,Rhahi,1
Asteroid Belt 17,Asteroid Belt 1C2,Relic,0
Asteroid Belt 17,Asteroid Belt 1C2,Yerand,0
Asteroid Belt 17,Asteroid Belt 1C2,Terror Incognita,0
Asteroid Belt 17,Asteroid Belt 1D2,Blues,1
Asteroid Belt 17,Asteroid Belt 1D2,clasi,0
Asteroid Belt 17,Asteroid Belt 1D2,Tesseract,0
Asteroid Belt 17,Asteroid Belt 1D2,Pavlos,0
Asteroid Belt 17,Asteroid Belt 1A3,Ichbineinkonto,1
Asteroid Belt 17,Asteroid Belt 1A3,Deviruchi,0
Asteroid Belt 17,Asteroid Belt 1A3,Adorfield,0
Asteroid Belt 17,Asteroid Belt 1A3,Zecrus,0
Asteroid Belt 17,Asteroid Belt 1B3,Pollina,1
Asteroid Belt 17,Asteroid Belt 1B3,El Capitan,0
Asteroid Belt 17,Asteroid Belt 1B3,Hermundure,0
Asteroid Belt 17,Asteroid Belt 1B3,twodback,0
Asteroid Belt 17,Asteroid Belt 1C3,Bobrooni,1
Asteroid Belt 17,Asteroid Belt 1C3,SophV,0
Asteroid Belt 17,Asteroid Belt 1C3,tiniuclx2,0
Asteroid Belt 17,Asteroid Belt 1C3,Pbhead,0
Asteroid Belt 17,Asteroid Belt 1D3,Yerand,1
Asteroid Belt 17,Asteroid Belt 1D3,Heisenberg,0
Asteroid Belt 17,Asteroid Belt 1D3,The Martian,0
Asteroid Belt 17,Asteroid Belt 1D3,Terror Incognita,0
Asteroid Belt 17,Asteroid Belt 1A4,Jim-Bob,1
Asteroid Belt 17,Asteroid Belt 1A4,Deviruchi,0
Asteroid Belt 17,Asteroid Belt 1A4,Ichbineinkonto,0
Asteroid Belt 17,Asteroid Belt 1A4,MrCubez,0
Asteroid Belt 17,Asteroid Belt 1B4,TrattpingviN,1
Asteroid Belt 17,Asteroid Belt 1B4,clasi,0
Asteroid Belt 17,Asteroid Belt 1B4,twodback,0
Asteroid Belt 17,Asteroid Belt 1B4,DeathTacticus,0
Asteroid Belt 17,Asteroid Belt 1C4,SophV,1
Asteroid Belt 17,Asteroid Belt 1C4,tiniuclx2,0
Asteroid Belt 17,Asteroid Belt 1C4,Yerand,0
Asteroid Belt 17,Asteroid Belt 1C4,Zecrus,0
Asteroid Belt 17,Asteroid Belt 1D4,The Martian,1
Asteroid Belt 17,Asteroid Belt 1D4,El Capitan,0
Asteroid Belt 17,Asteroid Belt 1D4,Pbhead,0
Asteroid Belt 17,Asteroid Belt 1D4,Bobrooni,0
Asteroid Belt 17,Asteroid Belt Bonus 2,Zorbaz,1
Asteroid Belt 17,Asteroid Belt Bonus 2,Hexapus,0
Asteroid Belt 17,Asteroid Belt Bonus 2,twodback,0
Asteroid Belt 17,Asteroid Belt Bonus 2,Zecrus,0
Asteroid Belt 17,Asteroid Belt 2A1,Hexapus,1
Asteroid Belt 17,Asteroid Belt 2A1,Ichbineinkonto,0
Asteroid Belt 17,Asteroid Belt 2A1,Jim-Bob,0
Asteroid Belt 17,Asteroid Belt 2A1,Bobrooni,0
Asteroid Belt 17,Asteroid Belt 2B1,Dermas,1
Asteroid Belt 17,Asteroid Belt 2B1,Heisenberg,0
Asteroid Belt 17,Asteroid Belt 2B1,The Martian,0
Asteroid Belt 17,Asteroid Belt 2B1,Tesseract,0
Asteroid Belt 17,Asteroid Belt 2C1,Rhahi,1
Asteroid Belt 17,Asteroid Belt 2C1,Deviruchi,0
Asteroid Belt 17,Asteroid Belt 2C1,Gameslayer,0
Asteroid Belt 17,Asteroid Belt 2C1,Pavlos,0
Asteroid Belt 17,Asteroid Belt 2D1,DeathTacticus,1
Asteroid Belt 17,Asteroid Belt 2D1,AndreasG,0
Asteroid Belt 17,Asteroid Belt 2D1,Blues,0
Asteroid Belt 17,Asteroid Belt 2D1,Adorfield,0
Asteroid Belt 17,Asteroid Belt 2A2,Zecrus,1
Asteroid Belt 17,Asteroid Belt 2A2,Hexapus,0
Asteroid Belt 17,Asteroid Belt 2A2,Ichbineinkonto,0
Asteroid Belt 17,Asteroid Belt 2A2,Jim-Bob,0
Asteroid Belt 17,Asteroid Belt 2B2,Deviruchi,1
Asteroid Belt 17,Asteroid Belt 2B2,The Martian,0
Asteroid Belt 17,Asteroid Belt 2B2,Tesseract,0
Asteroid Belt 17,Asteroid Belt 2B2,Pollina,0
Asteroid Belt 17,Asteroid Belt 2C2,Pbhead,1
Asteroid Belt 17,Asteroid Belt 2C2,Heisenberg,0
Asteroid Belt 17,Asteroid Belt 2C2,Rhahi,0
Asteroid Belt 17,Asteroid Belt 2C2,Pavlos,0
Asteroid Belt 17,Asteroid Belt 2D2,Dermas,1
Asteroid Belt 17,Asteroid Belt 2D2,AndreasG,0
Asteroid Belt 17,Asteroid Belt 2D2,Blues,0
Asteroid Belt 17,Asteroid Belt 2D2,Adorfield,0
Asteroid Belt 17,Asteroid Belt 2A3,TrattpingviN,1
Asteroid Belt 17,Asteroid Belt 2A3,AndreasG,0
Asteroid Belt 17,Asteroid Belt 2A3,Jim-Bob,0
Asteroid Belt 17,Asteroid Belt 2A3,Zecrus,0
Asteroid Belt 17,Asteroid Belt 2B3,Pollina,1
Asteroid Belt 17,Asteroid Belt 2B3,Deviruchi,0
Asteroid Belt 17,Asteroid Belt 2B3,Zorbaz,0
Asteroid Belt 17,Asteroid Belt 2B3,Tesseract,0
Asteroid Belt 17,Asteroid Belt 2C3,DeathTacticus,1
Asteroid Belt 17,Asteroid Belt 2C3,Heisenberg,0
Asteroid Belt 17,Asteroid Belt 2C3,Duban,0
Asteroid Belt 17,Asteroid Belt 2C3,Lacigal,0
Asteroid Belt 17,Asteroid Belt 2D3,Hexapus,1
Asteroid Belt 17,Asteroid Belt 2D3,Blues,0
Asteroid Belt 17,Asteroid Belt 2D3,Gameslayer,0
Asteroid Belt 17,Asteroid Belt 2D3,Vaempyress,0
Asteroid Belt 17,Asteroid Belt 2A4,TrattpingviN,1
Asteroid Belt 17,Asteroid Belt 2A4,SophV,0
Asteroid Belt 17,Asteroid Belt 2A4,Jim-Bob,0
Asteroid Belt 17,Asteroid Belt 2A4,Bobrooni,0
Asteroid Belt 17,Asteroid Belt 2B4,Tesseract,1
Asteroid Belt 17,Asteroid Belt 2B4,AndreasG,0
Asteroid Belt 17,Asteroid Belt 2B4,Zorbaz,0
Asteroid Belt 17,Asteroid Belt 2B4,Vaempyress,0
Asteroid Belt 17,Asteroid Belt 2C4,Duban,1
Asteroid Belt 17,Asteroid Belt 2C4,Deviruchi,0
Asteroid Belt 17,Asteroid Belt 2C4,Pbhead,0
Asteroid Belt 17,Asteroid Belt 2C4,Terror Incognita,0
Asteroid Belt 17,Asteroid Belt 2D4,DeathTacticus,1
Asteroid Belt 17,Asteroid Belt 2D4,Hexapus,0
Asteroid Belt 17,Asteroid Belt 2D4,Blues,0
Asteroid Belt 17,Asteroid Belt 2D4,Gameslayer,0
Asteroid Belt 17,Asteroid Belt Bonus 3,twodback,1
Asteroid Belt 17,Asteroid Belt Bonus 3,AndreasG,0
Asteroid Belt 17,Asteroid Belt Bonus 3,Zorbaz,0
Asteroid Belt 17,Asteroid Belt Bonus 3,Zecrus,0
Asteroid Belt 17,Asteroid Belt 3A1,poor_sheep,1
Asteroid Belt 17,Asteroid Belt 3A1,SophV,0
Asteroid Belt 17,Asteroid Belt 3A1,Duban,0
Asteroid Belt 17,Asteroid Belt 3A1,Zecrus,0
Asteroid Belt 17,Asteroid Belt 3B1,TrattpingviN,1
Asteroid Belt 17,Asteroid Belt 3B1,El Capitan,0
Asteroid Belt 17,Asteroid Belt 3B1,twodback,0
Asteroid Belt 17,Asteroid Belt 3B1,Dermas,0
Asteroid Belt 17,Asteroid Belt 3C1,Blues,1
Asteroid Belt 17,Asteroid Belt 3C1,AndreasG,0
Asteroid Belt 17,Asteroid Belt 3C1,Yerand,0
Asteroid Belt 17,Asteroid Belt 3C1,DeathTacticus,0
Asteroid Belt 17,Asteroid Belt 3D1,Pollina,1
Asteroid Belt 17,Asteroid Belt 3D1,SorenJohnson,0
Asteroid Belt 17,Asteroid Belt 3D1,Zorbaz,0
Asteroid Belt 17,Asteroid Belt 3D1,Gameslayer,0
Asteroid Belt 17,Asteroid Belt 3A2,poor_sheep,1
Asteroid Belt 17,Asteroid Belt 3A2,SophV,0
Asteroid Belt 17,Asteroid Belt 3A2,Duban,0
Asteroid Belt 17,Asteroid Belt 3A2,Zecrus,0
Asteroid Belt 17,Asteroid Belt 3B2,TrattpingviN,1
Asteroid Belt 17,Asteroid Belt 3B2,El Capitan,0
Asteroid Belt 17,Asteroid Belt 3B2,twodback,0
Asteroid Belt 17,Asteroid Belt 3B2,Bobrooni,0
Asteroid Belt 17,Asteroid Belt 3C2,DeathTacticus,1
Asteroid Belt 17,Asteroid Belt 3C2,AndreasG,0
Asteroid Belt 17,Asteroid Belt 3C2,Blues,0
Asteroid Belt 17,Asteroid Belt 3C2,Gameslayer,0
Asteroid Belt 17,Asteroid Belt 3D2,Yerand,1
Asteroid Belt 17,Asteroid Belt 3D2,SorenJohnson,0
Asteroid Belt 17,Asteroid Belt 3D2,Rhahi,0
Asteroid Belt 17,Asteroid Belt 3D2,Dermas,0
Asteroid Belt 17,a,veriestVarlet,0
Asteroid Belt 17,a,The Martian,0
Asteroid Belt 17,a,poor_sheep,1
Asteroid Belt 17,a,MrCubez,0
Asteroid Belt 17,b,SophV,0
Asteroid Belt 17,b,TrattpingviN,1
Asteroid Belt 17,b,twodback,0
Asteroid Belt 17,b,Bobrooni,0
Asteroid Belt 17,a,AndreasG,0
Asteroid Belt 17,a,Blues,1
Asteroid Belt 17,a,Yerand,0
Asteroid Belt 17,a,DeathTacticus,0
Asteroid Belt 17,b,El Capitan,0
Asteroid Belt 17,b,Hydroponos,0
Asteroid Belt 17,b,Gameslayer,0
Asteroid Belt 17,b,Pollina,1
Asteroid Belt 17,a,Dryad,0
Asteroid Belt 17,a,The Martian,1
Asteroid Belt 17,a,Adorfield,0
Asteroid Belt 17,a,MrCubez,0
Asteroid Belt 17,b,SophV,0
Asteroid Belt 17,b,TrattpingviN,1
Asteroid Belt 17,b,twodback,0
Asteroid Belt 17,b,Bobrooni,0
Asteroid Belt 17,a,El Capitan,0
Asteroid Belt 17,a,Rhahi,0
Asteroid Belt 17,a,Yerand,1
Asteroid Belt 17,a,Pollina,0
Asteroid Belt 17,b,AndreasG,1
Asteroid Belt 17,b,Hydroponos,0
Asteroid Belt 17,b,Gameslayer,0
Asteroid Belt 17,b,Zecrus,0
Asteroid Belt 17,Asteroid Belt Bonus 4,SophV,1
Asteroid Belt 17,Asteroid Belt Bonus 4,Hydroponos,0
Asteroid Belt 17,Asteroid Belt Bonus 4,Gameslayer,0
Asteroid Belt 17,Asteroid Belt Bonus 4,Pavlos,0
Asteroid Belt 17,Asteroid Belt Bonus 5,Pollina,1
Asteroid Belt 17,Asteroid Belt Bonus 5,Hexapus,0
Asteroid Belt 17,Asteroid Belt Bonus 5,TrattpingviN,0
Asteroid Belt 17,Asteroid Belt Bonus 5,poor_sheep,0
Asteroid Belt 17,Asteroid Belt 4A1,DeathTacticus,1
Asteroid Belt 17,Asteroid Belt 4A1,Hexapus,0
Asteroid Belt 17,Asteroid Belt 4A1,TrattpingviN,0
Asteroid Belt 17,Asteroid Belt 4A1,Jim-Bob,0
Asteroid Belt 17,Asteroid Belt 4B1,twodback,1
Asteroid Belt 17,Asteroid Belt 4B1,Deviruchi,0
Asteroid Belt 17,Asteroid Belt 4B1,Rhahi,0
Asteroid Belt 17,Asteroid Belt 4B1,Dermas,0
Asteroid Belt 17,Asteroid Belt 4C1,Pavlos,1
Asteroid Belt 17,Asteroid Belt 4C1,SophV,0
Asteroid Belt 17,Asteroid Belt 4C1,Duban,0
Asteroid Belt 17,Asteroid Belt 4C1,Gameslayer,0
Asteroid Belt 17,Asteroid Belt 4D1,AndreasG,1
Asteroid Belt 17,Asteroid Belt 4D1,Blues,0
Asteroid Belt 17,Asteroid Belt 4D1,Yerand,0
Asteroid Belt 17,Asteroid Belt 4D1,Pollina,0
Asteroid Belt 17,Asteroid Belt 4A2,Hexapus,1
Asteroid Belt 17,Asteroid Belt 4A2,Duban,0
Asteroid Belt 17,Asteroid Belt 4A2,Jim-Bob,0
Asteroid Belt 17,Asteroid Belt 4A2,DeathTacticus,0
Asteroid Belt 17,Asteroid Belt 4B2,TrattpingviN,1
Asteroid Belt 17,Asteroid Belt 4B2,Deviruchi,0
Asteroid Belt 17,Asteroid Belt 4B2,twodback,0
Asteroid Belt 17,Asteroid Belt 4B2,Dermas,0
Asteroid Belt 17,Asteroid Belt 4C2,Pbhead,1
Asteroid Belt 17,Asteroid Belt 4C2,SophV,0
Asteroid Belt 17,Asteroid Belt 4C2,Rhahi,0
Asteroid Belt 17,Asteroid Belt 4C2,Pavlos,0
Asteroid Belt 17,Asteroid Belt 4D2,Blues,1
Asteroid Belt 17,Asteroid Belt 4D2,AndreasG,0
Asteroid Belt 17,Asteroid Belt 4D2,Yerand,0
Asteroid Belt 17,Asteroid Belt 4D2,Pollina,0
Asteroid Belt 17,Asteroid Belt 4A3,AndreasG,1
Asteroid Belt 17,Asteroid Belt 4A3,Hydroponos,0
Asteroid Belt 17,Asteroid Belt 4A3,Adorfield,0
Asteroid Belt 17,Asteroid Belt 4A3,Zecrus,0
Asteroid Belt 17,Asteroid Belt 4B3,Ichbineinkonto,1
Asteroid Belt 17,Asteroid Belt 4B3,Relic,0
Asteroid Belt 17,Asteroid Belt 4B3,twodback,0
Asteroid Belt 17,Asteroid Belt 4B3,Dermas,0
Asteroid Belt 17,Asteroid Belt 4C3,Pollina,1
Asteroid Belt 17,Asteroid Belt 4C3,Hexapus,0
Asteroid Belt 17,Asteroid Belt 4C3,TrattpingviN,0
Asteroid Belt 17,Asteroid Belt 4C3,Gameslayer,0
Asteroid Belt 17,Asteroid Belt 4D3,Blues,1
Asteroid Belt 17,Asteroid Belt 4D3,Deviruchi,0
Asteroid Belt 17,Asteroid Belt 4D3,Lacigal,0
Asteroid Belt 17,Asteroid Belt 4D3,Vaempyress,0
Asteroid Belt 17,Asteroid Belt 4A4,Rhahi,1
Asteroid Belt 17,Asteroid Belt 4A4,Relic,0
Asteroid Belt 17,Asteroid Belt 4A4,Adorfield,0
Asteroid Belt 17,Asteroid Belt 4A4,Vaempyress,0
Asteroid Belt 17,Asteroid Belt 4B4,Dermas,1
Asteroid Belt 17,Asteroid Belt 4B4,Hexapus,0
Asteroid Belt 17,Asteroid Belt 4B4,Hydroponos,0
Asteroid Belt 17,Asteroid Belt 4B4,twodback,0
Asteroid Belt 17,Asteroid Belt 4C4,Pollina,1
Asteroid Belt 17,Asteroid Belt 4C4,AndreasG,0
Asteroid Belt 17,Asteroid Belt 4C4,Ichbineinkonto,0
Asteroid Belt 17,Asteroid Belt 4C4,Pbhead,0
Asteroid Belt 17,Asteroid Belt 4D4,TrattpingviN,1
Asteroid Belt 17,Asteroid Belt 4D4,El Capitan,0
Asteroid Belt 17,Asteroid Belt 4D4,Yerand,0
Asteroid Belt 17,Asteroid Belt 4D4,DeathTacticus,0
World Collide 2,a,DeathTacticus,3rd
World Collide 2,a,Pollina,4th
World Collide 2,a,Hexapus(/Blues),2nd
World Collide 2,a,Rhahi,1st
World Collide 2,b,Gameslayer,2nd
World Collide 2,b,YerAnd,4th
World Collide 2,b,EvilDiablo,3rd
World Collide 2,b,Dermas,1st
World Collide 2,a,AndreasG,3rd
World Collide 2,a,Clippy,2nd
World Collide 2,a,Bobrooni,3rd
World Collide 2,a,Morgan,1st
World Collide 2,b,Ichbineinkonto,4th
World Collide 2,b,Peasant,2nd
World Collide 2,b,IanArcad,3rd
World Collide 2,b,Philothanic,1st
World Collide 2,a,DeathTacticus,1st
World Collide 2,a,Peasant,2nd
World Collide 2,a,EvilDiablo,3rd
World Collide 2,a,Morgan,4th
World Collide 2,b,Gameslayer,3rd
World Collide 2,b,Pollina,2nd
World Collide 2,b,Bobrooni,1st
World Collide 2,b,Philothanic,3rd
World Collide 2,a,AndreasG,1st
World Collide 2,a,YerAnd,3rd
World Collide 2,a,IanArcad,4th
World Collide 2,a,Rhahi,2nd
World Collide 2,b,Ichbineinkonto,4th
World Collide 2,b,Clippy,3rd
World Collide 2,b,Hexapus(/Blues),1st
World Collide 2,b,Dermas,2nd
World Collide 2,a,DeathTacticus,1st
World Collide 2,a,Peasant,4th
World Collide 2,a,Hexapus(/Blues),2nd
World Collide 2,a,Philothanic,3rd
World Collide 2,b,Gameslayer,2nd
World Collide 2,b,Pollina,1st
World Collide 2,b,EvilDiablo,3rd
World Collide 2,b,Rhahi,4th
World Collide 2,a,AndreasG,1st
World Collide 2,a,YerAnd,3rd
World Collide 2,a,Bobrooni,4th
World Collide 2,a,Dermas,2nd
World Collide 2,b,Ichbineinkonto,1st
World Collide 2,b,Clippy,3rd
World Collide 2,b,IanArcad,4th
World Collide 2,b,Morgan,2nd
World Collide 2,a,DeathTacticus,1st
World Collide 2,a,YerAnd,3rd
World Collide 2,a,IanArcad,3rd
World Collide 2,a,Philothanic,3rd
World Collide 2,b,Gameslayer,2nd
World Collide 2,b,Clippy,2nd
World Collide 2,b,Hexapus(/Blues),4th
World Collide 2,b,Rhahi,1st
World Collide 2,a,AndreasG,2nd
World Collide 2,a,Peasant,4th
World Collide 2,a,EvilDiablo,1st
World Collide 2,a,Dermas,2nd
World Collide 2,b,Ichbineinkonto,4th
World Collide 2,b,Pollina,2nd
World Collide 2,b,Bobrooni,3rd
World Collide 2,b,Morgan,1st
World Collide 2,a,DeathTacticus,1st
World Collide 2,a,Pollina,3rd
World Collide 2,a,Hexapus(/Blues),3rd
World Collide 2,a,Rhahi,2nd
World Collide 2,b,AndreasG,1st
World Collide 2,b,Clippy,3rd
World Collide 2,b,EvilDiablo,2nd
World Collide 2,b,Morgan,3rd
World Collide 2,a,Gameslayer,3rd
World Collide 2,a,Peasant,3rd
World Collide 2,a,Bobrooni,2nd
World Collide 2,a,Dermas,1st
World Collide 2,b,Ichbineinkonto,1st
World Collide 2,b,YerAnd,2nd
World Collide 2,b,IanArcad,4th
World Collide 2,b,Philothanic,2nd
Offworld Kings FFA,Offworld Kings 1,Pollina,0
Offworld Kings FFA,Offworld Kings 1,Kat,1
Offworld Kings FFA,Offworld Kings 1,DeathTacticus,0
Offworld Kings FFA,Offworld Kings 1,Morgan,0
Offworld Kings FFA,Offworld Kings 2,Kat,0
Offworld Kings FFA,Offworld Kings 2,Area_51,0
Offworld Kings FFA,Offworld Kings 2,DeathTacticus,0
Offworld Kings FFA,Offworld Kings 2,Blues,1
Offworld Kings FFA,Offworld Kings 3,Blues,0
Offworld Kings FFA,Offworld Kings 3,Neptune,0
Offworld Kings FFA,Offworld Kings 3,Area_51,0
Offworld Kings FFA,Offworld Kings 3,Yerand,1
Offworld Kings FFA,Offworld Kings 4,Yerand,1
Offworld Kings FFA,Offworld Kings 4,Zorbaz,0
Offworld Kings FFA,Offworld Kings 4,Blues,0
Offworld Kings FFA,Offworld Kings 4,Rhahi,0
Offworld Kings FFA,Offworld Kings 5,YerAnd,0
Offworld Kings FFA,Offworld Kings 5,EvilDiablo,0
Offworld Kings FFA,Offworld Kings 5,Blues,1
Offworld Kings FFA,Offworld Kings 5,twodback,0
Offworld Kings FFA,Offworld Kings 6,Blues,0
Offworld Kings FFA,Offworld Kings 6,Mr. X,0
Offworld Kings FFA,Offworld Kings 6,twodback,1
Offworld Kings FFA,Offworld Kings 6,Trattpingvin,0
7th Newplayer,b,Studoku,1
7th Newplayer,b,Vosh,0
7th Newplayer,b,Scubadoo2,0
7th Newplayer,b,Boatshoe,0
7th Newplayer,a,ryak,1
7th Newplayer,a,Swkoll,0
7th Newplayer,a,paul (..),0
7th Newplayer,a,Krachek,0
7th Newplayer,b,Douwef1,0
7th Newplayer,b,KEIYC,0
7th Newplayer,b,sv/adorfield,1
7th Newplayer,b,MattyRasker,0
7th Newplayer,a,Varanas,1
7th Newplayer,a,NeverZero,0
7th Newplayer,a,BillBoBeBagens,0
7th Newplayer,a,zratchet,0
7th Newplayer,b,Varanas,0
7th Newplayer,b,KEIYC,0
7th Newplayer,b,paul (..),1
7th Newplayer,b,zratchet,0
7th Newplayer,a,Studoku,1
7th Newplayer,a,NeverZero,0
7th Newplayer,a,sv/adorfield,0
7th Newplayer,a,Boatshoe,0
7th Newplayer,b,ryak,1
7th Newplayer,b,Vosh,0
7th Newplayer,b,BillBoBeBagens,0
7th Newplayer,b,Krachek,0
7th Newplayer,a,Douwef1,0
7th Newplayer,a,Swkoll,1
7th Newplayer,a,Scubadoo2,0
7th Newplayer,a,MattyRasker,0
7th Newplayer,b,Douwef1,0
7th Newplayer,b,NeverZero,0
7th Newplayer,b,sv/adorfield,0
7th Newplayer,b,Krachek,1
7th Newplayer,a,Varanas,0
7th Newplayer,a,Vosh,1
7th Newplayer,a,BillBoBeBagens,0
7th Newplayer,a,MattyRasker,0
7th Newplayer,b,Studoku,0
7th Newplayer,b,Swkoll,1
7th Newplayer,b,Scubadoo2,0
7th Newplayer,b,zratchet,0
7th Newplayer,a,ryak,0
7th Newplayer,a,KEIYC,0
7th Newplayer,a,paul (..),1
7th Newplayer,a,Boatshoe,0
7th Newplayer,b,ryak,0
7th Newplayer,b,Swkoll,1
7th Newplayer,b,BillBoBeBagens,0
7th Newplayer,b,MattyRasker,0
7th Newplayer,a,Douwef1,1
7th Newplayer,a,KEIYC,0
7th Newplayer,a,Scubadoo2,0
7th Newplayer,a,zratchet,0
7th Newplayer,b,Varanas,0
7th Newplayer,b,NeverZero,1
7th Newplayer,b,paul (..),0
7th Newplayer,b,Boatshoe,0
7th Newplayer,a,Studoku,0
7th Newplayer,a,Vosh,1
7th Newplayer,a,sv/adorfield,0
7th Newplayer,a,Krachek,0
7th Newplayer,b,Swkoll,1
7th Newplayer,b,Vosh,0
7th Newplayer,b,Studoku,0
7th Newplayer,b,paul (..),0
7th Newplayer,a,ryak,0
7th Newplayer,a,Varanas,1
7th Newplayer,a,sv/adorfield,0
7th Newplayer,a,Krachek,0
7th Newplayer,b,Douwef1,0
7th Newplayer,b,NeverZero,1
7th Newplayer,b,KEIYC,0
7th Newplayer,b,Scubadoo2,0
7th Newplayer,a,BillBoBeBagens,0
7th Newplayer,a,Boatshoe,0
7th Newplayer,a,MattyRasker,1
7th Newplayer,a,zratchet,0
5th Casuals,a,Mr. X,0
5th Casuals,a,Hexapus,1
5th Casuals,a,EvilDiablo,0
5th Casuals,a,ichbineinkonto,0
5th Casuals,b,Zorbaz/TheHand,1
5th Casuals,b,TuftyIndigo,0
5th Casuals,b,rcxdude,0
5th Casuals,b,adorfield,0
5th Casuals,a,KEIYC,1
5th Casuals,a,Popsursocks,0
5th Casuals,a,Kat,0
5th Casuals,a,Morgan,0
5th Casuals,b,Mr. X,0
5th Casuals,b,TuftyIndigo,0
5th Casuals,b,Kat,1
5th Casuals,b,adorfield,0
5th Casuals,a,Zorbaz/TheHand,0
5th Casuals,a,Popsursocks,0
5th Casuals,a,EvilDiablo,1
5th Casuals,a,Morgan,0
5th Casuals,b,KEIYC,0
5th Casuals,b,Hexapus,1
5th Casuals,b,rcxdude,0
5th Casuals,b,ichbineinkonto,0
5th Casuals,a,KEIYC,0
5th Casuals,a,TuftyIndigo,0
5th Casuals,a,rcxdude,0
5th Casuals,a,Morgan,1
5th Casuals,b,Mr. X,0
5th Casuals,b,Popsursocks,0
5th Casuals,b,Kat,1
5th Casuals,b,ichbineinkonto,0
5th Casuals,a,Zorbaz/TheHand,0
5th Casuals,a,Hexapus,0
5th Casuals,a,EvilDiablo,1
5th Casuals,a,adorfield,0
5th Casuals,b,Zorbaz/TheHand,0
5th Casuals,b,Popsursocks,1
5th Casuals,b,rcxdude,0
5th Casuals,b,ichbineinkonto,0
5th Casuals,a,KEIYC,0
5th Casuals,a,Hexapus,0
5th Casuals,a,Kat,1
5th Casuals,a,adorfield,0
5th Casuals,b,Mr. X,0
5th Casuals,b,TuftyIndigo,0
5th Casuals,b,EvilDiablo,1
5th Casuals,b,Morgan,0
5th Casuals,a,EvilDiablo,1.1
5th Casuals,a,Kat,0
5th Casuals,a,Hexapus,0
5th Casuals,a,Morgan,0
5th Casuals,b,Zorbaz/TheHand,0
5th Casuals,b,Popsursocks,1
5th Casuals,b,KEIYC,0
5th Casuals,b,Mr. X,0
5th Casuals,a,TuftyIndigo,0
5th Casuals,a,rcxdude,0
5th Casuals,a,ichbineinkonto,1
5th Casuals,a,adorfield,0
10th Mohawk,a,Trattpingvin,2nd
10th Mohawk,a,Pollina,3rd
10th Mohawk,a,ncgamewizard,4th
10th Mohawk,a,Morgan,1st
10th Mohawk,b,Hexapus,1st
10th Mohawk,b,Keepstay,2nd
10th Mohawk,b,rcxdude,3rd
10th Mohawk,b,ichbineinkonto,4th
10th Mohawk,a,Mr. X,3rd
10th Mohawk,a,SlothDemonZ,4th
10th Mohawk,a,TuftyIndigo,2nd
10th Mohawk,a,twodback,1st
10th Mohawk,b,Pavlos,1st
10th Mohawk,b,Endgamer/Rhahi/YerAnd,3rd
10th Mohawk,b,Divaliz,3rd
10th Mohawk,b,adorfield,2nd
10th Mohawk,a,Pavlos,3rd
10th Mohawk,a,SlothDemonZ,3rd
10th Mohawk,a,Divaliz,3rd
10th Mohawk,a,ichbineinkonto,1st
10th Mohawk,b,Hexapus,3rd
10th Mohawk,b,Pollina,2nd
10th Mohawk,b,ncgamewizard,3rd
10th Mohawk,b,twodback,1st
10th Mohawk,a,Trattpingvin,1st
10th Mohawk,a,Keepstay,3rd
10th Mohawk,a,TuftyIndigo,4th
10th Mohawk,a,adorfield,2nd
10th Mohawk,b,Mr. X,2nd
10th Mohawk,b,Endgamer/Rhahi/YerAnd,1st
10th Mohawk,b,rcxdude,4th
10th Mohawk,b,Morgan,3rd
10th Mohawk,a,Mr. X,2nd
10th Mohawk,a,Pollina,1st
10th Mohawk,a,Divaliz,3rd
10th Mohawk,a,adorfield,4th
10th Mohawk,b,Pavlos,1st
10th Mohawk,b,Keepstay,3rd
10th Mohawk,b,rcxdude,4th
10th Mohawk,b,twodback,2nd
10th Mohawk,a,Hexapus,3rd
10th Mohawk,a,Endgamer/Rhahi/YerAnd,3rd
10th Mohawk,a,ncgamewizard,1st
10th Mohawk,a,ichbineinkonto,3rd
10th Mohawk,b,Trattpingvin,1st
10th Mohawk,b,SlothDemonZ,3rd
10th Mohawk,b,TuftyIndigo,3rd
10th Mohawk,b,Morgan,2nd
10th Mohawk,a,Trattpingvin,1st
10th Mohawk,a,Mr. X,4th
10th Mohawk,a,Hexapus,3rd
10th Mohawk,a,Pavlos,2nd
10th Mohawk,b,Pollina,1st
10th Mohawk,b,SlothDemonZ,4th
10th Mohawk,b,Keepstay,3rd
10th Mohawk,b,Endgamer/Rhahi/YerAnd,2nd
10th Mohawk,a,ncgamewizard,1st
10th Mohawk,a,TuftyIndigo,3rd
10th Mohawk,a,rcxdude,4th
10th Mohawk,a,Divaliz,2nd
10th Mohawk,b,Morgan,2nd
10th Mohawk,b,twodback,1st
10th Mohawk,b,ichbineinkonto,3rd
10th Mohawk,b,adorfield,4th
10th Mohawk,a,Trattpingvin,1st
10th Mohawk,a,twodback,2nd
10th Mohawk,a,Pavlos,2nd
10th Mohawk,a,Pollina,4th
10th Mohawk,b,ncgamewizard,2nd
10th Mohawk,b,Morgan,1st
10th Mohawk,b,Endgamer/Rhahi/YerAnd,3rd
10th Mohawk,b,ichbineinkonto,4th
10th Mohawk,a,Hexapus,1st
10th Mohawk,a,Mr. X,4th
10th Mohawk,a,Keepstay,2nd
10th Mohawk,a,Divaliz,3rd
10th Mohawk,b,adorfield,1st
10th Mohawk,b,TuftyIndigo,2nd
10th Mohawk,b,SlothDemonZ,3rd
10th Mohawk,b,rcxdude,3rd
8th Newplayer,a,zratchet,0
8th Newplayer,a,NullPointer/peasant,0
8th Newplayer,a,ice.wind.13,0
8th Newplayer,a,Lee Kish,1
8th Newplayer,b,RIP_Blip23/adorfield,0
8th Newplayer,b,Kordarus,0
8th Newplayer,b,Base Invader,0
8th Newplayer,b,ShelCheesy,1
8th Newplayer,a,Dryad,1
8th Newplayer,a,That Scar,0
8th Newplayer,a,RadarContact,0
8th Newplayer,a,2Kawaii2Die,0
8th Newplayer,b,zratchet,0
8th Newplayer,b,Kordarus,0
8th Newplayer,b,RadarContact,1
8th Newplayer,b,ShelCheesy,0
8th Newplayer,a,RIP_Blip23/adorfield,0
8th Newplayer,a,That Scar,0
8th Newplayer,a,ice.wind.13,0
8th Newplayer,a,2Kawaii2Die,1
8th Newplayer,b,Dryad,0
8th Newplayer,b,NullPointer/peasant,0
8th Newplayer,b,Base Invader,1
8th Newplayer,b,Lee Kish,0
8th Newplayer,a,Dryad,0
8th Newplayer,a,Kordarus,0
8th Newplayer,a,Base Invader,1
8th Newplayer,a,2Kawaii2Die,0
8th Newplayer,b,zratchet,0
8th Newplayer,b,That Scar,1
8th Newplayer,b,RadarContact,0
8th Newplayer,b,Lee Kish,0
8th Newplayer,a,RIP_Blip23/adorfield,0
8th Newplayer,a,NullPointer/peasant,1
8th Newplayer,a,ice.wind.13,0
8th Newplayer,a,ShelCheesy,0
8th Newplayer,b,RIP_Blip23/adorfield,1
8th Newplayer,b,That Scar,0
8th Newplayer,b,Base Invader,0
8th Newplayer,b,Lee Kish,0
8th Newplayer,a,Dryad,1
8th Newplayer,a,NullPointer/peasant,0
8th Newplayer,a,RadarContact,0
8th Newplayer,a,ShelCheesy,0
8th Newplayer,b,zratchet,0
8th Newplayer,b,Kordarus,0
8th Newplayer,b,ice.wind.13,1
8th Newplayer,b,2Kawaii2Die,0
8th Newplayer,a,Base Invader,1
8th Newplayer,a,Dryad,0
8th Newplayer,a,Lee Kish,0
8th Newplayer,a,ShelCheesy,0
8th Newplayer,b,NullPointer/peasant,1
8th Newplayer,b,ice.wind.13,0
8th Newplayer,b,RadarContact,0
8th Newplayer,b,That Scar,0
8th Newplayer,a,RIP_Blip23/adorfield,1
8th Newplayer,a,2Kawaii2Die,0
8th Newplayer,a,zratchet,0
8th Newplayer,a,Kordarus,0
ABT2,b,Ag,0
ABT2,b,Kordarus,0
ABT2,b,FoxBlazing,1
ABT2,b,ncgamewizard,0
ABT2,a,Trattpingvin,1
ABT2,a,Morgan,0
ABT2,a,Hexapus,0
ABT2,a,DeathTacticus,0
ABT2,b,Rhahi,0
ABT2,b,adorfield,0
ABT2,b,Dertyde94,0
ABT2,b,DeathTacticus,1
ABT2,a,ryak,0
ABT2,a,Morgan,0
ABT2,a,Clippy,0
ABT2,a,Pollina,1
ABT2,b,Pavlos,1
ABT2,b,peasant,0
ABT2,b,blackmagic,0
ABT2,b,Pbhead,0
ABT2,a,Trattpingvin,1
ABT2,a,Twodback,0
ABT2,a,blackmagic,0
ABT2,a,ncgamewizard,0
ABT2,b,ManyCopies,0
ABT2,b,SophV,0
ABT2,b,Hydroponos,0
ABT2,b,ncgamewizard,1
ABT2,a,Swkoll,0
ABT2,a,bobrooni,0
ABT2,a,Clippy,1
ABT2,a,Pollina,0
ABT2,b,timeracers,0
ABT2,b,Twodback,0
ABT2,b,Kat,1
ABT2,b,endgamer,0
ABT2,a,ryak,1
ABT2,a,bobrooni,0
ABT2,a,EvilDiablo,0
ABT2,a,ncgamewizard,0
ABT2,b,Rhahi,1
ABT2,b,Blues,0
ABT2,b,blackmagic,0
ABT2,b,DeathTacticus,0
ABT2,a,ichbineinkonto,0
ABT2,a,Dryad,0
ABT2,a,Kat,1
ABT2,a,endgamer,0
ABT2,b,Pavlos,0
ABT2,b,peasant,0
ABT2,b,blackmagic,0
ABT2,b,Pbhead,1
ABT2,a,ichbineinkonto,1
ABT2,a,Morgan,0
ABT2,a,Hexapus,0
ABT2,a,Gameslayer,0
ABT2,b,Rhahi,1
ABT2,b,Twodback,0
ABT2,b,Dertyde94,0
ABT2,b,Pollina,0
ABT2,a,IanArcad,0
ABT2,a,peasant,0
ABT2,a,Hexapus,0
ABT2,a,Pbhead,1
ABT2,b,ichbineinkonto,0
ABT2,b,adorfield,0
ABT2,b,blackmagic,0
ABT2,b,Gameslayer,1
ABT2,a,Trattpingvin,1
ABT2,a,Twodback,0
ABT2,a,Clippy,0
ABT2,a,Pollina,0
ABT2,b,Pavlos,1
ABT2,b,adorfield,0
ABT2,b,FoxBlazing,0
ABT2,b,DeathTacticus,0
ABT2,a,ManyCopies,0
ABT2,a,peasant,0
ABT2,a,EvilDiablo,1
ABT2,a,Gameslayer,0
ABT2,b,Trattpingvin,1
ABT2,b,ruy343,0
ABT2,b,Kat,0
ABT2,b,DeathTacticus,0
ABT2,a,ryak,0
ABT2,a,bobrooni,0
ABT2,a,FoxBlazing,0
ABT2,a,Gameslayer,1
ABT2,b,Swkoll,0
ABT2,b,Blues,1
ABT2,b,Clippy,0
ABT2,b,DeathTacticus,0
ABT2,a,Ag,0
ABT2,a,ruy343,0
ABT2,a,Kat,1
ABT2,a,El Capitan,0
ABT2,b,Pavlos,0
ABT2,b,peasant,0
ABT2,b,Hexapus,0
ABT2,b,Pollina,1
ABT2,a,Swkoll,0
ABT2,a,Morgan,0
ABT2,a,Dertyde94,1
ABT2,a,Gameslayer,0
ABT2,b,Ag,0
ABT2,b,Blues,1
ABT2,b,blackmagic,0
ABT2,b,Pbhead,0
ABT2,a,ManyCopies,1
ABT2,a,peasant,0
ABT2,a,Clippy,0
ABT2,a,Pollina,0
ABT2,b,Pavlos,0
ABT2,b,Morgan,1
ABT2,b,EvilDiablo,0
ABT2,b,Gameslayer,0
ABT2,a,IanArcad,0
ABT2,a,Dryad,0
ABT2,a,Kat,1
ABT2,a,Pbhead,0
ABT2,b,timeracers,0
ABT2,b,Twodback,0
ABT2,b,FoxBlazing,1
ABT2,b,Mattyrasker,0
ABT2,a,Trattpingvin,0
ABT2,a,Morgan,0
ABT2,a,Clippy,0
ABT2,a,DeathTacticus,1
ABT2,b,Rhahi,1
ABT2,b,Blues,0
ABT2,b,Kat,0
ABT2,b,endgamer,0
ABT2,a,ryak,0
ABT2,a,bobrooni,0
ABT2,a,EvilDiablo,1
ABT2,a,Mattyrasker,0
ABT2,b,ichbineinkonto,1
ABT2,b,Morgan,0
ABT2,b,FoxBlazing,0
ABT2,b,ncgamewizard,0
ABT2,a,Rhahi,1
ABT2,a,Blues,0
ABT2,a,Kat,0
ABT2,a,El Capitan,0
ABT2,b,timeracers,0
ABT2,b,SophV,0
ABT2,b,Hexapus,0
ABT2,b,Gameslayer,1
ABT2,a,ryak,1
ABT2,a,Morgan,0
ABT2,a,Dertyde94,0
ABT2,a,DeathTacticus,0
ABT2,b,Ag,0
ABT2,b,SophV,0
ABT2,b,Kat,1
ABT2,b,Pbhead,0
ABT2,a,ichbineinkonto,0
ABT2,a,Morgan,0
ABT2,a,FoxBlazing,1
ABT2,a,Pollina,0
ABT2,b,timeracers,0
ABT2,b,Kordarus,0
ABT2,b,EvilDiablo,1
ABT2,b,Pbhead,0
ABT2,a,Pavlos,1
ABT2,a,ruy343,0
ABT2,a,MightySquirrel,0
ABT2,a,Gameslayer,0
ABT2,b,Swkoll,0
ABT2,b,Kordarus,0
ABT2,b,FoxBlazing,1
ABT2,b,ncgamewizard,0
ABT2,a,ichbineinkonto,1
ABT2,a,Morgan,0
ABT2,a,EvilDiablo,0
ABT2,a,Pbhead,0
ABT2,b,Trattpingvin,0
ABT2,b,ruy343,0
ABT2,b,EvilDiablo,0
ABT2,b,Gameslayer,1
ABT2,a,Swkoll,0
ABT2,a,Kordarus,0
ABT2,a,EvilDiablo,0
ABT2,a,DeathTacticus,1
ABT2,b,IanArcad,0
ABT2,b,SophV,0
ABT2,b,Kat,1
ABT2,b,Mattyrasker,0
ABT2,a,Rhahi,0
ABT2,a,Dryad,0
ABT2,a,Kat,1
ABT2,a,El Capitan,0
ABT2,b,Rhahi,0
ABT2,b,Twodback,0
ABT2,b,Clippy,0
ABT2,b,Pollina,1
ABT2,a,Swkoll,1
ABT2,a,Kordarus,0
ABT2,a,FoxBlazing,0
ABT2,a,Pbhead,0
ABT2,b,ryak,1
ABT2,b,ruy343,0
ABT2,b,MightySquirrel,0
ABT2,b,El Capitan,0
ABT2,a,ManyCopies,1
ABT2,a,ruy343,0
ABT2,a,Dertyde94,0
ABT2,a,Mattyrasker,0
ABT2,b,Trattpingvin,0
ABT2,b,Blues,0
ABT2,b,Kat,0
ABT2,b,DeathTacticus,1
